Workbook

Sheet 说明
B2: 挖矿游戏 · 矿物数据库
B3: 工业矿物 / 常见宝石矿物 / 化石 / 珍稀晶体矿物 —— 每个地形都有一个占 50% 概率的基底废料矿，稀有度越高概率越低
B6: 【核心概率模型（类黄金矿工）】
B7: · 每个地形固定一种「基底矿」（石头/沙子/碎石之类），单独占 50% 的产出概率——对应黄金矿工里满屏幕的石头，量大但相对不值钱。基底矿的售价随地形解锁顺序递增（平原3金 → 深层洞穴50金），门票越贵的地形，连最常见的废料也更值钱一点，避免高门槛地形的收益完全靠稀有矿物撑起来。
B8: · 剩下 50% 按稀有度分配，单个矿物的概率是固定值：传说 0.1%、史诗 0.5%、稀有 2%、少见 6%。同一地形里稀有度相同的矿物概率完全一样。普通矿物（不含基底矿）平分剩余的概率份额。
B9: · 这些固定值在「稀有度固定概率设置」表里，改那 4 个数字，全部地形自动重新计算，且每个地形合计仍是 100%。
B11: 【矿物分类说明】
B12: 四大分类：工业矿物 / 常见宝石矿物 / 珍稀晶体矿物 / 化石。
B13: · 工业矿物：矿石、燃料、建材等生产资料，包括各地形的基底废料矿。
B14: · 常见宝石矿物：普通人在珠宝店、纪念品店就能见到、认知度较高的宝石/观赏石（钻石、红蓝宝石、祖母绿、翡翠、和田玉、各类水晶等）。
B15: · 珍稀晶体矿物：矿物收藏圈才熟悉的稀有品种，普通人基本没听说过，多为特定产地、特定成因的稀有矿物（磷叶石、辰砂、蓝锥矿、南极石等），适合做地形里的顶级稀有掉落。
B16: · 化石：生物遗骸的矿化产物。
... B35: · 同一个矿物可以出现在多个地形里（比如石英砂同时是沙漠的基底矿、山地的常见矿），价格在矿物图鉴里只有一份、全局统一，不会因为出现在哪个地形而不同，只有出现概率会按地形分别计算。

Sheet 矿物图鉴
A1: 矿物名称 | B1: 分类 | C1: 稀有度 | D1: 化学式 | E1: 基础售价（金币） | F1: 备注 / 特殊机制
A2: 铁矿石 | B2: 工业矿物 | C2: 普通 | D2: — | E2: 8 | F2: 岩石/矿石统称，无单一矿物
A3: 铜矿石 | B3: 工业矿物 | C3: 普通 | D3: — | E3: 12 | F3: 岩石/矿石统称，无单一矿物
A4: 铝土矿 | B4: 工业矿物 | C4: 普通 | D4: — | E4: 10 | F4: 多种氢氧化铝矿物混合岩石
A5: 锡石 | B5: 工业矿物 | C5: 少见 | D5: SnO₂ | E5: 20
A6: 方铅矿 | B6: 工业矿物 | C6: 普通 | D6: PbS | E6: 10
A7: 闪锌矿 | B7: 工业矿物 | C7: 普通 | D7: ZnS | E7: 10
A8: 辉钼矿 | B8: 工业矿物 | C8: 少见 | D8: MoS₂ | E8: 25
A9: 镍矿 | B9: 工业矿物 | C9: 少见 | D9: — | E9: 22 | F9: 岩石/矿石统称，无单一矿物
A10: 钨矿 | B10: 工业矿物 | C10: 稀有 | D10: — | E10: 45 | F10: 黑钨矿/白钨矿等统称，无单一矿物
A11: 金矿脉 | B11: 工业矿物 | C11: 稀有 | D11: — | E11: 80 | F11: 自然金与围岩混合，无单一化学式
A12: 银矿脉 | B12: 工业矿物 | C12: 少见 | D12: — | E12: 40 | F12: 自然银与围岩混合，无单一化学式
A13: 铬铁矿 | B13: 工业矿物 | C13: 少见 | D13: FeCr₂O₄ | E13: 28
A14: 锰矿 | B14: 工业矿物 | C14: 普通 | D14: — | E14: 15 | F14: 多种锰氧化物矿石统称，无单一矿物
A15: 煤 | B15: 工业矿物 | C15: 普通 | D15: — | E15: 5 | F15: 有机质（植物遗骸炭化），无固定化学式
A16: 褐煤 | B16: 工业矿物 | C16: 普通 | D16: — | E16: 4 | F16: 有机质，无固定化学式
A17: 石油沥青 | B17: 工业矿物 | C17: 少见 | D17: — | E17: 18 | F17: 有机质混合物，无固定化学式
A18: 油页岩 | B18: 工业矿物 | C18: 少见 | D18: — | E18: 16 | F18: 有机质与岩石混合物，无固定化学式
A19: 铀矿 | B19: 工业矿物 | C19: 稀有 | D19: — | E19: 90 | F19: 采集需特殊防护装备；沥青铀矿等统称，主要成分UO₂
A20: 石灰石 | B20: 工业矿物 | C20: 普通 | D20: — | E20: 3 | F20: 地形基底矿：平原（第1档，最低价）；岩石，主要成分CaCO₃
A21: 石膏 | B21: 工业矿物 | C21: 普通 | D21: CaSO₄·2H₂O | E21: 4
A22: 花岗岩 | B22: 工业矿物 | C22: 普通 | D22: — | E22: 8 | F22: 地形基底矿：山地（第3档）；石英+长石+云母等矿物混合岩石
A23: 大理岩 | B23: 工业矿物 | C23: 普通 | D23: — | E23: 18 | F23: 地形基底矿：海底（第5档）；变质石灰岩，主要成分CaCO₃
A24: 石英砂 | B24: 工业矿物 | C24: 普通 | D24: SiO₂ | E24: 12 | F24: 地形基底矿：沙漠（第4档），同时也是山地的常见矿，两边统一定价
A25: 高岭土 | B25: 工业矿物 | C25: 普通 | D25: Al₂Si₂O₅(OH)₄ | E25: 5
A26: 萤石 | B26: 工业矿物 | C26: 少见 | D26: CaF₂ | E26: 18
A27: 重晶石 | B27: 工业矿物 | C27: 普通 | D27: BaSO₄ | E27: 10
A28: 磷灰石 | B28: 工业矿物 | C28: 普通 | D28: Ca₅(PO₄)₃(F,Cl,OH) | E28: 8
A29: 硫磺 | B29: 工业矿物 | C29: 普通 | D29: S | E29: 6
A30: 岩盐 | B30: 工业矿物 | C30: 普通 | D30: NaCl | E30: 4
A31: 石棉 | B31: 工业矿物 | C31: 少见 | D31: — | E31: 15 | F31: 采集需防护装备；矿物族统称（常见为温石棉），无单一化学式
A32: 云母 | B32: 工业矿物 | C32: 普通 | D32: — | E32: 7 | F32: 矿物族统称（白云母/黑云母等），无单一化学式
A33: 滑石 | B33: 工业矿物 | C33: 普通 | D33: Mg₃Si₄O₁₀(OH)₂ | E33: 5
A34: 硼砂 | B34: 工业矿物 | C34: 少见 | D34: Na₂B₄O₇·10H₂O | E34: 14
A35: 黑曜岩 | B35: 工业矿物 | C35: 少见 | D35: — | E35: 25 | F35: 火山玻璃，非结晶矿物，无固定化学式
A36: 泥煤 | B36: 工业矿物 | C36: 普通 | D36: — | E36: 6 | F36: 地形基底矿：沼泽（第2档）；有机质，无固定化学式
A37: 褐铁矿 | B37: 工业矿物 | C37: 普通 | D37: FeO(OH)·nH₂O | E37: 12
A38: 冰 | B38: 工业矿物 | C38: 普通 | D38: H₂O | E38: 25 | F38: 地形基底矿：极地（第6档）；天然、无机、结晶、成分固定，是矿物学承认的正式矿物
A39: 火山岩渣 | B39: 工业矿物 | C39: 普通 | D39: — | E39: 35 | F39: 地形基底矿：火山（第7档）；多孔玄武质火山岩，无固定化学式
A40: 脉石 | B40: 工业矿物 | C40: 普通 | D40: — | E40: 50 | F40: 地形基底矿：深层洞穴（第8档，终局地形，连基底都值钱）；矿脉里包裹矿石的无价值围岩，真实矿业术语，成分常为脉石英或方解石，无单一化学式
A41: 钻石 | B41: 常见宝石矿物 | C41: 传说 | D41: C | E41: 3000 | F41: 现实中主要产自金伯利岩筒（火山成因），设为火山区顶级稀有产出
A42: 红宝石 | B42: 常见宝石矿物 | C42: 史诗 | D42: Al₂O₃ | E42: 1800 | F42: 刚玉，Cr致色
A43: 蓝宝石 | B43: 常见宝石矿物 | C43: 史诗 | D43: Al₂O₃ | E43: 1600 | F43: 刚玉，Fe/Ti致色
A44: 祖母绿 | B44: 常见宝石矿物 | C44: 史诗 | D44: Be₃Al₂(SiO₃)₆ | E44: 2000 | F44: 绿柱石，Cr致色
A45: 金绿宝石（猫眼石） | B45: 常见宝石矿物 | C45: 史诗 | D45: BeAl₂O₄ | E45: 1500 | F45: 多产自冲积砂矿，设为沼泽湿地稀有产出
A46: 碧玺 | B46: 常见宝石矿物 | C46: 稀有 | D46: NaFe₃Al₆(BO₃)₃Si₆O₁₈(OH)₄（通式） | E46: 400 | F46: 电气石族，成分变化大，只有通式
A47: 坦桑石 | B47: 常见宝石矿物 | C47: 稀有 | D47: Ca₂Al₃(SiO₄)(Si₂O₇)O(OH) | E47: 600 | F47: 黝帘石的蓝色变种
A48: 尖晶石 | B48: 常见宝石矿物 | C48: 稀有 | D48: MgAl₂O₄ | E48: 350
A49: 石榴石 | B49: 常见宝石矿物 | C49: 少见 | D49: X₃Y₂(SiO₄)₃（通式） | E49: 150 | F49: 矿物族统称，只有通式
A50: 托帕石 | B50: 常见宝石矿物 | C50: 少见 | D50: Al₂SiO₄(F,OH)₂ | E50: 180
A51: 橄榄石 | B51: 常见宝石矿物 | C51: 少见 | D51: (Mg,Fe)₂SiO₄ | E51: 120
A52: 海蓝宝石 | B52: 常见宝石矿物 | C52: 稀有 | D52: Be₃Al₂(SiO₃)₆ | E52: 350 | F52: 绿柱石的蓝色变种
A53: 摩根石 | B53: 常见宝石矿物 | C53: 稀有 | D53: Be₃Al₂(SiO₃)₆ | E53: 380 | F53: 绿柱石的粉色变种（含锰）
A54: 月光石 | B54: 常见宝石矿物 | C54: 少见 | D54: KAlSi₃O₈ | E54: 140 | F54: 钾长石类
A55: 拉长石 | B55: 常见宝石矿物 | C55: 少见 | D55: (Ca,Na)(Al,Si)₄O₈（通式） | E55: 130 | F55: 长石族固溶体，只有通式
A56: 紫水晶 | B56: 常见宝石矿物 | C56: 普通 | D56: SiO₂ | E56: 60 | F56: 石英
A57: 烟晶 | B57: 常见宝石矿物 | C57: 普通 | D57: SiO₂ | E57: 50 | F57: 石英
A58: 白水晶 | B58: 常见宝石矿物 | C58: 普通 | D58: SiO₂ | E58: 30 | F58: 石英
A59: 黄水晶 | B59: 常见宝石矿物 | C59: 普通 | D59: SiO₂ | E59: 55 | F59: 石英
A60: 玫瑰石英 | B60: 常见宝石矿物 | C60: 普通 | D60: SiO₂ | E60: 45 | F60: 石英
A61: 萤石晶簇 | B61: 常见宝石矿物 | C61: 少见 | D61: CaF₂ | E61: 90
A62: 方解石晶体 | B62: 常见宝石矿物 | C62: 普通 | D62: CaCO₃ | E62: 25
A63: 天青石 | B63: 常见宝石矿物 | C63: 少见 | D63: SrSO₄ | E63: 95
A64: 蛋白石 | B64: 常见宝石矿物 | C64: 稀有 | D64: SiO₂·nH₂O | E64: 500 | F64: 非晶质含水二氧化硅
A65: 翡翠 | B65: 常见宝石矿物 | C65: 史诗 | D65: NaAlSi₂O₆ | E65: 2500 | F65: 硬玉，多产自变质岩带，设为深层洞穴稀有产出
A66: 和田玉 | B66: 常见宝石矿物 | C66: 稀有 | D66: Ca₂(Mg,Fe)₅Si₈O₂₂(OH)₂ | E66: 700 | F66: 软玉，透闪石为主
A67: 青金石 | B67: 常见宝石矿物 | C67: 稀有 | D67: — | E67: 320 | F67: 岩石（青金石矿物+方解石+黄铁矿混合），无单一化学式
A68: 绿松石 | B68: 常见宝石矿物 | C68: 少见 | D68: CuAl₆(PO₄)₄(OH)₈·4H₂O | E68: 160
A69: 玛瑙 | B69: 常见宝石矿物 | C69: 普通 | D69: SiO₂ | E69: 40 | F69: 隐晶质石英
A70: 孔雀石 | B70: 常见宝石矿物 | C70: 普通 | D70: Cu₂CO₃(OH)₂ | E70: 35 | F70: 与铜矿同源，可设计双属性
A71: 虎眼石 | B71: 常见宝石矿物 | C71: 普通 | D71: SiO₂ | E71: 70 | F71: 石英交代青石棉纤维
A72: 珍珠母 | B72: 常见宝石矿物 | C72: 少见 | D72: — | E72: 110 | F72: 文石+有机质的生物矿化复合材料，无单一化学式
A73: 冰洲石 | B73: 常见宝石矿物 | C73: 少见 | D73: CaCO₃ | E73: 20 | F73: 方解石的透明观赏变种，因产自冰岛得名，历史上用于研究光学双折射现象
A74: 三叶虫化石 | B74: 化石 | C74: 少见 | D74: — | E74: 200 | F74: 生物遗骸矿化产物，成分随埋藏环境变化，无固定化学式
A75: 菊石化石 | B75: 化石 | C75: 少见 | D75: — | E75: 180 | F75: 同上，无固定化学式
A76: 恐龙骨骼化石 | B76: 化石 | C76: 史诗 | D76: — | E76: 2500 | F76: 同上，无固定化学式
A77: 恐龙蛋化石 | B77: 化石 | C77: 史诗 | D77: — | E77: 3000 | F77: 同上，无固定化学式
A78: 猛犸象牙化石 | B78: 化石 | C78: 稀有 | D78: — | E78: 900 | F78: 同上，无固定化学式
A79: 琥珀(含虫) | B79: 化石 | C79: 稀有 | D79: — | E79: 650 | F79: 树脂化石，有机质，无固定化学式
A80: 鱼化石 | B80: 化石 | C80: 普通 | D80: — | E80: 90 | F80: 同上，无固定化学式
... A89: 辰砂 | B89: 珍稀晶体矿物 | C89: 史诗 | D89: HgS | E89: 1300 | F89: 含毒液，需防护装备采集
A90: 圆粒金刚石(波札) | B90: 珍稀晶体矿物 | C90: 传说 | D90: C | E90: 5000
A91: 黄钻 | B91: 珍稀晶体矿物 | C91: 传说 | D91: C | E91: 4000 | F91: 含氮致色的钻石变种
A92: 红钻石 | B92: 珍稀晶体矿物 | C92: 传说 | D92: C | E92: 4200 | F92: 晶格缺陷致色的钻石变种
A93: 金红石 | B93: 珍稀晶体矿物 | C93: 稀有 | D93: TiO₂ | E93: 550
A94: 变石(亚历山大变石) | B94: 珍稀晶体矿物 | C94: 史诗 | D94: BeAl₂O₄ | E94: 2000 | F94: 金绿宝石的变色变种
A95: 蓝锥矿 | B95: 珍稀晶体矿物 | C95: 史诗 | D95: BaTiSi₃O₉ | E95: 1800
A96: 帕德玛刚玉 | B96: 珍稀晶体矿物 | C96: 传说 | D96: Al₂O₃ | E96: 3500 | F96: 刚玉的橙粉色变种
A97: 透绿柱石 | B97: 珍稀晶体矿物 | C97: 稀有 | D97: Be₃Al₂(SiO₃)₆ | E97: 450 | F97: 绿柱石的无色变种
A98: 红绿柱石 | B98: 珍稀晶体矿物 | C98: 史诗 | D98: Be₃Al₂(SiO₃)₆ | E98: 1600 | F98: 绿柱石的红色变种
A99: 金绿柱石 | B99: 珍稀晶体矿物 | C99: 稀有 | D99: Be₃Al₂(SiO₃)₆ | E99: 500 | F99: 绿柱石的金黄色变种
A100: 南极石 | B100: 珍稀晶体矿物 | C100: 传说 | D100: CaCl₂·6H₂O | E100: 2800 | F100: 仅极寒环境生成
A101: 异极矿 | B101: 珍稀晶体矿物 | C101: 少见 | D101: Zn₄Si₂O₇(OH)₂·H₂O | E101: 280
A102: 蓝柱石 | B102: 珍稀晶体矿物 | C102: 稀有 | D102: BeAlSiO₄(OH) | E102: 600
A103: 幽灵水晶 | B103: 珍稀晶体矿物 | C103: 史诗 | D103: SiO₂ | E103: 1900 | F103: 幻影水晶，本质仍是石英
A104: 黑水晶(墨晶) | B104: 珍稀晶体矿物 | C104: 稀有 | D104: SiO₂ | E104: 400 | F104: 烟晶的深色变种

Sheet 稀有度固定概率设置
A1: 档位 | B1: 数值（可调） | C1: 说明
A2: 传说 | B2: 0.001 | C2: 单个传说级矿物的固定出现概率
A3: 史诗 | B3: 0.005 | C3: 单个史诗级矿物的固定出现概率
A4: 稀有 | B4: 0.02 | C4: 单个稀有级矿物的固定出现概率
A5: 少见 | B5: 0.06 | C5: 单个少见级矿物的固定出现概率
A6: 基底矿 | B6: 0.5 | C6: 每个地形固定一种基底矿，占该地形全部产出概率的一半
A8: 每次入场挖掘次数 | B8: 12 | C8: 一次入场／一局游戏里生成的矿物总数，默认按 10~15 个区间取中间值
A9: 目标利润系数 | B9: 0.85 | C9: 建议门票＝期望总产出×该系数；系数越小，门票越便宜，玩家净赚越多

Sheet 地形刷新表
A1: 地形 | B1: 矿物名称 | C1: 分类 | D1: 稀有度 | E1: 基础售价（金币） | F1: 是否地形基底 | G1: 档位固定概率 | H1: 出现概率（%） | I1: 期望产出贡献（金币）
A2: 平原/浅层土壤 | B2: 石灰石 | C2: =INDEX(矿物图鉴!$B$2:$B$104,MATCH($B2,矿物图鉴!$A$2:$A$104,0)) -> 工业矿物 | D2: =INDEX(矿物图鉴!$C$2:$C$104,MATCH($B2,矿物图鉴!$A$2:$A$104,0)) -> 普通 | E2: =INDEX(矿物图鉴!$E$2:$E$104,MATCH($B2,矿物图鉴!$A$2:$A$104,0)) -> 3 | F2: 是 | G2: =IF($F2="是",稀有度固定概率设置!$B$6,IFERROR(INDEX(稀有度固定概率设置!$B$2:$B$5,MATCH($D2,稀有度固定概率设置!$A$2:$A$5,0)),"")) -> 0.5 | H2: =IF($G2<>"",$G2,(1-SUMIF($A$2:$A$111,$A2,$G$2:$G$111))/COUNTIFS($A$2:$A$111,$A2,$D$2:$D$111,"普通",$F$2:$F$111,"否")) -> 0.5 | I2: =H2*E2 -> 1.5
A3: 平原/浅层土壤 | B3: 煤 | C3: =INDEX(矿物图鉴!$B$2:$B$104,MATCH($B3,矿物图鉴!$A$2:$A$104,0)) -> 工业矿物 | D3: =INDEX(矿物图鉴!$C$2:$C$104,MATCH($B3,矿物图鉴!$A$2:$A$104,0)) -> 普通 | E3: =INDEX(矿物图鉴!$E$2:$E$104,MATCH($B3,矿物图鉴!$A$2:$A$104,0)) -> 5 | F3: 否 | G3: =IF($F3="是",稀有度固定概率设置!$B$6,IFERROR(INDEX(稀有度固定概率设置!$B$2:$B$5,MATCH($D3,稀有度固定概率设置!$A$2:$A$5,0)),"")) | H3: =IF($G3<>"",$G3,(1-SUMIF($A$2:$A$111,$A3,$G$2:$G$111))/COUNTIFS($A$2:$A$111,$A3,$D$2:$D$111,"普通",$F$2:$F$111,"否")) -> 0.044 | I3: =H3*E3 -> 0.22
A4: 平原/浅层土壤 | B4: 铁矿石 | C4: =INDEX(矿物图鉴!$B$2:$B$104,MATCH($B4,矿物图鉴!$A$2:$A$104,0)) -> 工业矿物 | D4: =INDEX(矿物图鉴!$C$2:$C$104,MATCH($B4,矿物图鉴!$A$2:$A$104,0)) -> 普通 | E4: =INDEX(矿物图鉴!$E$2:$E$104,MATCH($B4,矿物图鉴!$A$2:$A$104,0)) -> 8 | F4: 否 | G4: =IF($F4="是",稀有度固定概率设置!$B$6,IFERROR(INDEX(稀有度固定概率设置!$B$2:$B$5,MATCH($D4,稀有度固定概率设置!$A$2:$A$5,0)),"")) | H4: =IF($G4<>"",$G4,(1-SUMIF($A$2:$A$111,$A4,$G$2:$G$111))/COUNTIFS($A$2:$A$111,$A4,$D$2:$D$111,"普通",$F$2:$F$111,"否")) -> 0.044 | I4: =H4*E4 -> 0.352
A5: 平原/浅层土壤 | B5: 岩盐 | C5: =INDEX(矿物图鉴!$B$2:$B$104,MATCH($B5,矿物图鉴!$A$2:$A$104,0)) -> 工业矿物 | D5: =INDEX(矿物图鉴!$C$2:$C$104,MATCH($B5,矿物图鉴!$A$2:$A$104,0)) -> 普通 | E5: =INDEX(矿物图鉴!$E$2:$E$104,MATCH($B5,矿物图鉴!$A$2:$A$104,0)) -> 4 | F5: 否 | G5: =IF($F5="是",稀有度固定概率设置!$B$6,IFERROR(INDEX(稀有度固定概率设置!$B$2:$B$5,MATCH($D5,稀有度固定概率设置!$A$2:$A$5,0)),"")) | H5: =IF($G5<>"",$G5,(1-SUMIF($A$2:$A$111,$A5,$G$2:$G$111))/COUNTIFS($A$2:$A$111,$A5,$D$2:$D$111,"普通",$F$2:$F$111,"否")) -> 0.044 | I5: =H5*E5 -> 0.176
A6: 平原/浅层土壤 | B6: 石膏 | C6: =INDEX(矿物图鉴!$B$2:$B$104,MATCH($B6,矿物图鉴!$A$2:$A$104,0)) -> 工业矿物 | D6: =INDEX(矿物图鉴!$C$2:$C$104,MATCH($B6,矿物图鉴!$A$2:$A$104,0)) -> 普通 | E6: =INDEX(矿物图鉴!$E$2:$E$104,MATCH($B6,矿物图鉴!$A$2:$A$104,0)) -> 4 | F6: 否 | G6: =IF($F6="是",稀有度固定概率设置!$B$6,IFERROR(INDEX(稀有度固定概率设置!$B$2:$B$5,MATCH($D6,稀有度固定概率设置!$A$2:$A$5,0)),"")) | H6: =IF($G6<>"",$G6,(1-SUMIF($A$2:$A$111,$A6,$G$2:$G$111))/COUNTIFS($A$2:$A$111,$A6,$D$2:$D$111,"普通",$F$2:$F$111,"否")) -> 0.044 | I6: =H6*E6 -> 0.176
A7: 平原/浅层土壤 | B7: 云母 | C7: =INDEX(矿物图鉴!$B$2:$B$104,MATCH($B7,矿物图鉴!$A$2:$A$104,0)) -> 工业矿物 | D7: =INDEX(矿物图鉴!$C$2:$C$104,MATCH($B7,矿物图鉴!$A$2:$A$104,0)) -> 普通 | E7: =INDEX(矿物图鉴!$E$2:$E$104,MATCH($B7,矿物图鉴!$A$2:$A$104,0)) -> 7 | F7: 否 | G7: =IF($F7="是",稀有度固定概率设置!$B$6,IFERROR(INDEX(稀有度固定概率设置!$B$2:$B$5,MATCH($D7,稀有度固定概率设置!$A$2:$A$5,0)),"")) | H7: =IF($G7<>"",$G7,(1-SUMIF($A$2:$A$111,$A7,$G$2:$G$111))/COUNTIFS($A$2:$A$111,$A7,$D$2:$D$111,"普通",$F$2:$F$111,"否")) -> 0.044 | I7: =H7*E7 -> 0.308
A8: 平原/浅层土壤 | B8: 玛瑙 | C8: =INDEX(矿物图鉴!$B$2:$B$104,MATCH($B8,矿物图鉴!$A$2:$A$104,0)) -> 常见宝石矿物 | D8: =INDEX(矿物图鉴!$C$2:$C$104,MATCH($B8,矿物图鉴!$A$2:$A$104,0)) -> 普通 | E8: =INDEX(矿物图鉴!$E$2:$E$104,MATCH($B8,矿物图鉴!$A$2:$A$104,0)) -> 40 | F8: 否 | G8: =IF($F8="是",稀有度固定概率设置!$B$6,IFERROR(INDEX(稀有度固定概率设置!$B$2:$B$5,MATCH($D8,稀有度固定概率设置!$A$2:$A$5,0)),"")) | H8: =IF($G8<>"",$G8,(1-SUMIF($A$2:$A$111,$A8,$G$2:$G$111))/COUNTIFS($A$2:$A$111,$A8,$D$2:$D$111,"普通",$F$2:$F$111,"否")) -> 0.044 | I8: =H8*E8 -> 1.76
A9: 平原/浅层土壤 | B9: 方解石晶体 | C9: =INDEX(矿物图鉴!$B$2:$B$104,MATCH($B9,矿物图鉴!$A$2:$A$104,0)) -> 常见宝石矿物 | D9: =INDEX(矿物图鉴!$C$2:$C$104,MATCH($B9,矿物图鉴!$A$2:$A$104,0)) -> 普通 | E9: =INDEX(矿物图鉴!$E$2:$E$104,MATCH($B9,矿物图鉴!$A$2:$A$104,0)) -> 25 | F9: 否 | G9: =IF($F9="是",稀有度固定概率设置!$B$6,IFERROR(INDEX(稀有度固定概率设置!$B$2:$B$5,MATCH($D9,稀有度固定概率设置!$A$2:$A$5,0)),"")) | H9: =IF($G9<>"",$G9,(1-SUMIF($A$2:$A$111,$A9,$G$2:$G$111))/COUNTIFS($A$2:$A$111,$A9,$D$2:$D$111,"普通",$F$2:$F$111,"否")) -> 0.044 | I9: =H9*E9 -> 1.1
A10: 平原/浅层土壤 | B10: 贝壳化石 | C10: =INDEX(矿物图鉴!$B$2:$B$104,MATCH($B10,矿物图鉴!$A$2:$A$104,0)) -> 化石 | D10: =INDEX(矿物图鉴!$C$2:$C$104,MATCH($B10,矿物图鉴!$A$2:$A$104,0)) -> 普通 | E10: =INDEX(矿物图鉴!$E$2:$E$104,MATCH($B10,矿物图鉴!$A$2:$A$104,0)) -> 40 | F10: 否 | G10: =IF($F10="是",稀有度固定概率设置!$B$6,IFERROR(INDEX(稀有度固定概率设置!$B$2:$B$5,MATCH($D10,稀有度固定概率设置!$A$2:$A$5,0)),"")) | H10: =IF($G10<>"",$G10,(1-SUMIF($A$2:$A$111,$A10,$G$2:$G$111))/COUNTIFS($A$2:$A$111,$A10,$D$2:$D$111,"普通",$F$2:$F$111,"否")) -> 0.044 | I10: =H10*E10 -> 1.76
A11: 平原/浅层土壤 | B11: 蕨类植物化石 | C11: =INDEX(矿物图鉴!$B$2:$B$104,MATCH($B11,矿物图鉴!$A$2:$A$104,0)) -> 化石 | D11: =INDEX(矿物图鉴!$C$2:$C$104,MATCH($B11,矿物图鉴!$A$2:$A$104,0)) -> 普通 | E11: =INDEX(矿物图鉴!$E$2:$E$104,MATCH($B11,矿物图鉴!$A$2:$A$104,0)) -> 60 | F11: 否 | G11: =IF($F11="是",稀有度固定概率设置!$B$6,IFERROR(INDEX(稀有度固定概率设置!$B$2:$B$5,MATCH($D11,稀有度固定概率设置!$A$2:$A$5,0)),"")) | H11: =IF($G11<>"",$G11,(1-SUMIF($A$2:$A$111,$A11,$G$2:$G$111))/COUNTIFS($A$2:$A$111,$A11,$D$2:$D$111,"普通",$F$2:$F$111,"否")) -> 0.044 | I11: =H11*E11 -> 2.64
A12: 平原/浅层土壤 | B12: 珊瑚化石 | C12: =INDEX(矿物图鉴!$B$2:$B$104,MATCH($B12,矿物图鉴!$A$2:$A$104,0)) -> 化石 | D12: =INDEX(矿物图鉴!$C$2:$C$104,MATCH($B12,矿物图鉴!$A$2:$A$104,0)) -> 普通 | E12: =INDEX(矿物图鉴!$E$2:$E$104,MATCH($B12,矿物图鉴!$A$2:$A$104,0)) -> 55 | F12: 否 | G12: =IF($F12="是",稀有度固定概率设置!$B$6,IFERROR(INDEX(稀有度固定概率设置!$B$2:$B$5,MATCH($D12,稀有度固定概率设置!$A$2:$A$5,0)),"")) | H12: =IF($G12<>"",$G12,(1-SUMIF($A$2:$A$111,$A12,$G$2:$G$111))/COUNTIFS($A$2:$A$111,$A12,$D$2:$D$111,"普通",$F$2:$F$111,"否")) -> 0.044 | I12: =H12*E12 -> 2.42
A13: 平原/浅层土壤 | B13: 异极矿 | C13: =INDEX(矿物图鉴!$B$2:$B$104,MATCH($B13,矿物图鉴!$A$2:$A$104,0)) -> 珍稀晶体矿物 | D13: =INDEX(矿物图鉴!$C$2:$C$104,MATCH($B13,矿物图鉴!$A$2:$A$104,0)) -> 少见 | E13: =INDEX(矿物图鉴!$E$2:$E$104,MATCH($B13,矿物图鉴!$A$2:$A$104,0)) -> 280 | F13: 否 | G13: =IF($F13="是",稀有度固定概率设置!$B$6,IFERROR(INDEX(稀有度固定概率设置!$B$2:$B$5,MATCH($D13,稀有度固定概率设置!$A$2:$A$5,0)),"")) -> 0.06 | H13: =IF($G13<>"",$G13,(1-SUMIF($A$2:$A$111,$A13,$G$2:$G$111))/COUNTIFS($A$2:$A$111,$A13,$D$2:$D$111,"普通",$F$2:$F$111,"否")) -> 0.06 | I13: =H13*E13 -> 16.8
A14: 平原/浅层土壤 · 合计 | H14: =SUM(H2:H13) -> 1 | I14: =SUM(I2:I13) -> 29.212
A15: 山地/岩层 | B15: 花岗岩 | C15: =INDEX(矿物图鉴!$B$2:$B$104,MATCH($B15,矿物图鉴!$A$2:$A$104,0)) -> 工业矿物 | D15: =INDEX(矿物图鉴!$C$2:$C$104,MATCH($B15,矿物图鉴!$A$2:$A$104,0)) -> 普通 | E15: =INDEX(矿物图鉴!$E$2:$E$104,MATCH($B15,矿物图鉴!$A$2:$A$104,0)) -> 8 | F15: 是 | G15: =IF($F15="是",稀有度固定概率设置!$B$6,IFERROR(INDEX(稀有度固定概率设置!$B$2:$B$5,MATCH($D15,稀有度固定概率设置!$A$2:$A$5,0)),"")) -> 0.5 | H15: =IF($G15<>"",$G15,(1-SUMIF($A$2:$A$111,$A15,$G$2:$G$111))/COUNTIFS($A$2:$A$111,$A15,$D$2:$D$111,"普通",$F$2:$F$111,"否")) -> 0.5 | I15: =H15*E15 -> 4
A16: 山地/岩层 | B16: 铜矿石 | C16: =INDEX(矿物图鉴!$B$2:$B$104,MATCH($B16,矿物图鉴!$A$2:$A$104,0)) -> 工业矿物 | D16: =INDEX(矿物图鉴!$C$2:$C$104,MATCH($B16,矿物图鉴!$A$2:$A$104,0)) -> 普通 | E16: =INDEX(矿物图鉴!$E$2:$E$104,MATCH($B16,矿物图鉴!$A$2:$A$104,0)) -> 12 | F16: 否 | G16: =IF($F16="是",稀有度固定概率设置!$B$6,IFERROR(INDEX(稀有度固定概率设置!$B$2:$B$5,MATCH($D16,稀有度固定概率设置!$A$2:$A$5,0)),"")) | H16: =IF($G16<>"",$G16,(1-SUMIF($A$2:$A$111,$A16,$G$2:$G$111))/COUNTIFS($A$2:$A$111,$A16,$D$2:$D$111,"普通",$F$2:$F$111,"否")) -> 0.043 | I16: =H16*E16 -> 0.516
A17: 山地/岩层 | B17: 锡石 | C17: =INDEX(矿物图鉴!$B$2:$B$104,MATCH($B17,矿物图鉴!$A$2:$A$104,0)) -> 工业矿物 | D17: =INDEX(矿物图鉴!$C$2:$C$104,MATCH($B17,矿物图鉴!$A$2:$A$104,0)) -> 少见 | E17: =INDEX(矿物图鉴!$E$2:$E$104,MATCH($B17,矿物图鉴!$A$2:$A$104,0)) -> 20 | F17: 否 | G17: =IF($F17="是",稀有度固定概率设置!$B$6,IFERROR(INDEX(稀有度固定概率设置!$B$2:$B$5,MATCH($D17,稀有度固定概率设置!$A$2:$A$5,0)),"")) -> 0.06 | H17: =IF($G17<>"",$G17,(1-SUMIF($A$2:$A$111,$A17,$G$2:$G$111))/COUNTIFS($A$2:$A$111,$A17,$D$2:$D$111,"普通",$F$2:$F$111,"否")) -> 0.06 | I17: =H17*E17 -> 1.2
A18: 山地/岩层 | B18: 云母 | C18: =INDEX(矿物图鉴!$B$2:$B$104,MATCH($B18,矿物图鉴!$A$2:$A$104,0)) -> 工业矿物 | D18: =INDEX(矿物图鉴!$C$2:$C$104,MATCH($B18,矿物图鉴!$A$2:$A$104,0)) -> 普通 | E18: =INDEX(矿物图鉴!$E$2:$E$104,MATCH($B18,矿物图鉴!$A$2:$A$104,0)) -> 7 | F18: 否 | G18: =IF($F18="是",稀有度固定概率设置!$B$6,IFERROR(INDEX(稀有度固定概率设置!$B$2:$B$5,MATCH($D18,稀有度固定概率设置!$A$2:$A$5,0)),"")) | H18: =IF($G18<>"",$G18,(1-SUMIF($A$2:$A$111,$A18,$G$2:$G$111))/COUNTIFS($A$2:$A$111,$A18,$D$2:$D$111,"普通",$F$2:$F$111,"否")) -> 0.043 | I18: =H18*E18 -> 0.301
A19: 山地/岩层 | B19: 石英砂 | C19: =INDEX(矿物图鉴!$B$2:$B$104,MATCH($B19,矿物图鉴!$A$2:$A$104,0)) -> 工业矿物 | D19: =INDEX(矿物图鉴!$C$2:$C$104,MATCH($B19,矿物图鉴!$A$2:$A$104,0)) -> 普通 | E19: =INDEX(矿物图鉴!$E$2:$E$104,MATCH($B19,矿物图鉴!$A$2:$A$104,0)) -> 12 | F19: 否 | G19: =IF($F19="是",稀有度固定概率设置!$B$6,IFERROR(INDEX(稀有度固定概率设置!$B$2:$B$5,MATCH($D19,稀有度固定概率设置!$A$2:$A$5,0)),"")) | H19: =IF($G19<>"",$G19,(1-SUMIF($A$2:$A$111,$A19,$G$2:$G$111))/COUNTIFS($A$2:$A$111,$A19,$D$2:$D$111,"普通",$F$2:$F$111,"否")) -> 0.043 | I19: =H19*E19 -> 0.516
A20: 山地/岩层 | B20: 石榴石 | C20: =INDEX(矿物图鉴!$B$2:$B$104,MATCH($B20,矿物图鉴!$A$2:$A$104,0)) -> 常见宝石矿物 | D20: =INDEX(矿物图鉴!$C$2:$C$104,MATCH($B20,矿物图鉴!$A$2:$A$104,0)) -> 少见 | E20: =INDEX(矿物图鉴!$E$2:$E$104,MATCH($B20,矿物图鉴!$A$2:$A$104,0)) -> 150 | F20: 否 | G20: =IF($F20="是",稀有度固定概率设置!$B$6,IFERROR(INDEX(稀有度固定概率设置!$B$2:$B$5,MATCH($D20,稀有度固定概率设置!$A$2:$A$5,0)),"")) -> 0.06 | H20: =IF($G20<>"",$G20,(1-SUMIF($A$2:$A$111,$A20,$G$2:$G$111))/COUNTIFS($A$2:$A$111,$A20,$D$2:$D$111,"普通",$F$2:$F$111,"否")) -> 0.06 | I20: =H20*E20 -> 9
A21: 山地/岩层 | B21: 白水晶 | C21: =INDEX(矿物图鉴!$B$2:$B$104,MATCH($B21,矿物图鉴!$A$2:$A$104,0)) -> 常见宝石矿物 | D21: =INDEX(矿物图鉴!$C$2:$C$104,MATCH($B21,矿物图鉴!$A$2:$A$104,0)) -> 普通 | E21: =INDEX(矿物图鉴!$E$2:$E$104,MATCH($B21,矿物图鉴!$A$2:$A$104,0)) -> 30 | F21: 否 | G21: =IF($F21="是",稀有度固定概率设置!$B$6,IFERROR(INDEX(稀有度固定概率设置!$B$2:$B$5,MATCH($D21,稀有度固定概率设置!$A$2:$A$5,0)),"")) | H21: =IF($G21<>"",$G21,(1-SUMIF($A$2:$A$111,$A21,$G$2:$G$111))/COUNTIFS($A$2:$A$111,$A21,$D$2:$D$111,"普通",$F$2:$F$111,"否")) -> 0.043 | I21: =H21*E21 -> 1.29
A22: 山地/岩层 | B22: 方解石晶体 | C22: =INDEX(矿物图鉴!$B$2:$B$104,MATCH($B22,矿物图鉴!$A$2:$A$104,0)) -> 常见宝石矿物 | D22: =INDEX(矿物图鉴!$C$2:$C$104,MATCH($B22,矿物图鉴!$A$2:$A$104,0)) -> 普通 | E22: =INDEX(矿物图鉴!$E$2:$E$104,MATCH($B22,矿物图鉴!$A$2:$A$104,0)) -> 25 | F22: 否 | G22: =IF($F22="是",稀有度固定概率设置!$B$6,IFERROR(INDEX(稀有度固定概率设置!$B$2:$B$5,MATCH($D22,稀有度固定概率设置!$A$2:$A$5,0)),"")) | H22: =IF($G22<>"",$G22,(1-SUMIF($A$2:$A$111,$A22,$G$2:$G$111))/COUNTIFS($A$2:$A$111,$A22,$D$2:$D$111,"普通",$F$2:$F$111,"否")) -> 0.043 | I22: =H22*E22 -> 1.075
A23: 山地/岩层 | B23: 金红石 | C23: =INDEX(矿物图鉴!$B$2:$B$104,MATCH($B23,矿物图鉴!$A$2:$A$104,0)) -> 珍稀晶体矿物 | D23: =INDEX(矿物图鉴!$C$2:$C$104,MATCH($B23,矿物图鉴!$A$2:$A$104,0)) -> 稀有 | E23: =INDEX(矿物图鉴!$E$2:$E$104,MATCH($B23,矿物图鉴!$A$2:$A$104,0)) -> 550 | F23: 否 | G23: =IF($F23="是",稀有度固定概率设置!$B$6,IFERROR(INDEX(稀有度固定概率设置!$B$2:$B$5,MATCH($D23,稀有度固定概率设置!$A$2:$A$5,0)),"")) -> 0.02 | H23: =IF($G23<>"",$G23,(1-SUMIF($A$2:$A$111,$A23,$G$2:$G$111))/COUNTIFS($A$2:$A$111,$A23,$D$2:$D$111,"普通",$F$2:$F$111,"否")) -> 0.02 | I23: =H23*E23 -> 11
A24: 山地/岩层 | B24: 蓝柱石 | C24: =INDEX(矿物图鉴!$B$2:$B$104,MATCH($B24,矿物图鉴!$A$2:$A$104,0)) -> 珍稀晶体矿物 | D24: =INDEX(矿物图鉴!$C$2:$C$104,MATCH($B24,矿物图鉴!$A$2:$A$104,0)) -> 稀有 | E24: =INDEX(矿物图鉴!$E$2:$E$104,MATCH($B24,矿物图鉴!$A$2:$A$104,0)) -> 600 | F24: 否 | G24: =IF($F24="是",稀有度固定概率设置!$B$6,IFERROR(INDEX(稀有度固定概率设置!$B$2:$B$5,MATCH($D24,稀有度固定概率设置!$A$2:$A$5,0)),"")) -> 0.02 | H24: =IF($G24<>"",$G24,(1-SUMIF($A$2:$A$111,$A24,$G$2:$G$111))/COUNTIFS($A$2:$A$111,$A24,$D$2:$D$111,"普通",$F$2:$F$111,"否")) -> 0.02 | I24: =H24*E24 -> 12
A25: 山地/岩层 | B25: 三叶虫化石 | C25: =INDEX(矿物图鉴!$B$2:$B$104,MATCH($B25,矿物图鉴!$A$2:$A$104,0)) -> 化石 | D25: =INDEX(矿物图鉴!$C$2:$C$104,MATCH($B25,矿物图鉴!$A$2:$A$104,0)) -> 少见 | E25: =INDEX(矿物图鉴!$E$2:$E$104,MATCH($B25,矿物图鉴!$A$2:$A$104,0)) -> 200 | F25: 否 | G25: =IF($F25="是",稀有度固定概率设置!$B$6,IFERROR(INDEX(稀有度固定概率设置!$B$2:$B$5,MATCH($D25,稀有度固定概率设置!$A$2:$A$5,0)),"")) -> 0.06 | H25: =IF($G25<>"",$G25,(1-SUMIF($A$2:$A$111,$A25,$G$2:$G$111))/COUNTIFS($A$2:$A$111,$A25,$D$2:$D$111,"普通",$F$2:$F$111,"否")) -> 0.06 | I25: =H25*E25 -> 12
A26: 山地/岩层 | B26: 硅化木 | C26: =INDEX(矿物图鉴!$B$2:$B$104,MATCH($B26,矿物图鉴!$A$2:$A$104,0)) -> 化石 | D26: =INDEX(矿物图鉴!$C$2:$C$104,MATCH($B26,矿物图鉴!$A$2:$A$104,0)) -> 少见 | E26: =INDEX(矿物图鉴!$E$2:$E$104,MATCH($B26,矿物图鉴!$A$2:$A$104,0)) -> 220 | F26: 否 | G26: =IF($F26="是",稀有度固定概率设置!$B$6,IFERROR(INDEX(稀有度固定概率设置!$B$2:$B$5,MATCH($D26,稀有度固定概率设置!$A$2:$A$5,0)),"")) -> 0.06 | H26: =IF($G26<>"",$G26,(1-SUMIF($A$2:$A$111,$A26,$G$2:$G$111))/COUNTIFS($A$2:$A$111,$A26,$D$2:$D$111,"普通",$F$2:$F$111,"否")) -> 0.06 | I26: =H26*E26 -> 13.2
A27: 山地/岩层 | B27: 祖母绿 | C27: =INDEX(矿物图鉴!$B$2:$B$104,MATCH($B27,矿物图鉴!$A$2:$A$104,0)) -> 常见宝石矿物 | D27: =INDEX(矿物图鉴!$C$2:$C$104,MATCH($B27,矿物图鉴!$A$2:$A$104,0)) -> 史诗 | E27: =INDEX(矿物图鉴!$E$2:$E$104,MATCH($B27,矿物图鉴!$A$2:$A$104,0)) -> 2000 | F27: 否 | G27: =IF($F27="是",稀有度固定概率设置!$B$6,IFERROR(INDEX(稀有度固定概率设置!$B$2:$B$5,MATCH($D27,稀有度固定概率设置!$A$2:$A$5,0)),"")) -> 0.005 | H27: =IF($G27<>"",$G27,(1-SUMIF($A$2:$A$111,$A27,$G$2:$G$111))/COUNTIFS($A$2:$A$111,$A27,$D$2:$D$111,"普通",$F$2:$F$111,"否")) -> 0.005 | I27: =H27*E27 -> 10
A28: 山地/岩层 · 合计 | H28: =SUM(H15:H27) -> 1 | I28: =SUM(I15:I27) -> 76.098
A29: 深层洞穴/矿脉核心 | B29: 脉石 | C29: =INDEX(矿物图鉴!$B$2:$B$104,MATCH($B29,矿物图鉴!$A$2:$A$104,0)) -> 工业矿物 | D29: =INDEX(矿物图鉴!$C$2:$C$104,MATCH($B29,矿物图鉴!$A$2:$A$104,0)) -> 普通 | E29: =INDEX(矿物图鉴!$E$2:$E$104,MATCH($B29,矿物图鉴!$A$2:$A$104,0)) -> 50 | F29: 是 | G29: =IF($F29="是",稀有度固定概率设置!$B$6,IFERROR(INDEX(稀有度固定概率设置!$B$2:$B$5,MATCH($D29,稀有度固定概率设置!$A$2:$A$5,0)),"")) -> 0.5 | H29: =IF($G29<>"",$G29,(1-SUMIF($A$2:$A$111,$A29,$G$2:$G$111))/COUNTIFS($A$2:$A$111,$A29,$D$2:$D$111,"普通",$F$2:$F$111,"否")) -> 0.5 | I29: =H29*E29 -> 25
A30: 深层洞穴/矿脉核心 | B30: 金矿脉 | C30: =INDEX(矿物图鉴!$B$2:$B$104,MATCH($B30,矿物图鉴!$A$2:$A$104,0)) -> 工业矿物 | D30: =INDEX(矿物图鉴!$C$2:$C$104,MATCH($B30,矿物图鉴!$A$2:$A$104,0)) -> 稀有 | E30: =INDEX(矿物图鉴!$E$2:$E$104,MATCH($B30,矿物图鉴!$A$2:$A$104,0)) -> 80 | F30: 否 | G30: =IF($F30="是",稀有度固定概率设置!$B$6,IFERROR(INDEX(稀有度固定概率设置!$B$2:$B$5,MATCH($D30,稀有度固定概率设置!$A$2:$A$5,0)),"")) -> 0.02 | H30: =IF($G30<>"",$G30,(1-SUMIF($A$2:$A$111,$A30,$G$2:$G$111))/COUNTIFS($A$2:$A$111,$A30,$D$2:$D$111,"普通",$F$2:$F$111,"否")) -> 0.02 | I30: =H30*E30 -> 1.6
A31: 深层洞穴/矿脉核心 | B31: 银矿脉 | C31: =INDEX(矿物图鉴!$B$2:$B$104,MATCH($B31,矿物图鉴!$A$2:$A$104,0)) -> 工业矿物 | D31: =INDEX(矿物图鉴!$C$2:$C$104,MATCH($B31,矿物图鉴!$A$2:$A$104,0)) -> 少见 | E31: =INDEX(矿物图鉴!$E$2:$E$104,MATCH($B31,矿物图鉴!$A$2:$A$104,0)) -> 40 | F31: 否 | G31: =IF($F31="是",稀有度固定概率设置!$B$6,IFERROR(INDEX(稀有度固定概率设置!$B$2:$B$5,MATCH($D31,稀有度固定概率设置!$A$2:$A$5,0)),"")) -> 0.06 | H31: =IF($G31<>"",$G31,(1-SUMIF($A$2:$A$111,$A31,$G$2:$G$111))/COUNTIFS($A$2:$A$111,$A31,$D$2:$D$111,"普通",$F$2:$F$111,"否")) -> 0.06 | I31: =H31*E31 -> 2.4
A32: 深层洞穴/矿脉核心 | B32: 钨矿 | C32: =INDEX(矿物图鉴!$B$2:$B$104,MATCH($B32,矿物图鉴!$A$2:$A$104,0)) -> 工业矿物 | D32: =INDEX(矿物图鉴!$C$2:$C$104,MATCH($B32,矿物图鉴!$A$2:$A$104,0)) -> 稀有 | E32: =INDEX(矿物图鉴!$E$2:$E$104,MATCH($B32,矿物图鉴!$A$2:$A$104,0)) -> 45 | F32: 否 | G32: =IF($F32="是",稀有度固定概率设置!$B$6,IFERROR(INDEX(稀有度固定概率设置!$B$2:$B$5,MATCH($D32,稀有度固定概率设置!$A$2:$A$5,0)),"")) -> 0.02 | H32: =IF($G32<>"",$G32,(1-SUMIF($A$2:$A$111,$A32,$G$2:$G$111))/COUNTIFS($A$2:$A$111,$A32,$D$2:$D$111,"普通",$F$2:$F$111,"否")) -> 0.02 | I32: =H32*E32 -> 0.9
A33: 深层洞穴/矿脉核心 | B33: 萤石 | C33: =INDEX(矿物图鉴!$B$2:$B$104,MATCH($B33,矿物图鉴!$A$2:$A$104,0)) -> 工业矿物 | D33: =INDEX(矿物图鉴!$C$2:$C$104,MATCH($B33,矿物图鉴!$A$2:$A$104,0)) -> 少见 | E33: =INDEX(矿物图鉴!$E$2:$E$104,MATCH($B33,矿物图鉴!$A$2:$A$104,0)) -> 18 | F33: 否 | G33: =IF($F33="是",稀有度固定概率设置!$B$6,IFERROR(INDEX(稀有度固定概率设置!$B$2:$B$5,MATCH($D33,稀有度固定概率设置!$A$2:$A$5,0)),"")) -> 0.06 | H33: =IF($G33<>"",$G33,(1-SUMIF($A$2:$A$111,$A33,$G$2:$G$111))/COUNTIFS($A$2:$A$111,$A33,$D$2:$D$111,"普通",$F$2:$F$111,"否")) -> 0.06 | I33: =H33*E33 -> 1.08
A34: 深层洞穴/矿脉核心 | B34: 紫水晶 | C34: =INDEX(矿物图鉴!$B$2:$B$104,MATCH($B34,矿物图鉴!$A$2:$A$104,0)) -> 常见宝石矿物 | D34: =INDEX(矿物图鉴!$C$2:$C$104,MATCH($B34,矿物图鉴!$A$2:$A$104,0)) -> 普通 | E34: =INDEX(矿物图鉴!$E$2:$E$104,MATCH($B34,矿物图鉴!$A$2:$A$104,0)) -> 60 | F34: 否 | G34: =IF($F34="是",稀有度固定概率设置!$B$6,IFERROR(INDEX(稀有度固定概率设置!$B$2:$B$5,MATCH($D34,稀有度固定概率设置!$A$2:$A$5,0)),"")) | H34: =IF($G34<>"",$G34,(1-SUMIF($A$2:$A$111,$A34,$G$2:$G$111))/COUNTIFS($A$2:$A$111,$A34,$D$2:$D$111,"普通",$F$2:$F$111,"否")) -> 0.045666667 | I34: =H34*E34 -> 2.74
A35: 深层洞穴/矿脉核心 | B35: 黄水晶 | C35: =INDEX(矿物图鉴!$B$2:$B$104,MATCH($B35,矿物图鉴!$A$2:$A$104,0)) -> 常见宝石矿物 | D35: =INDEX(矿物图鉴!$C$2:$C$104,MATCH($B35,矿物图鉴!$A$2:$A$104,0)) -> 普通 | E35: =INDEX(矿物图鉴!$E$2:$E$104,MATCH($B35,矿物图鉴!$A$2:$A$104,0)) -> 55 | F35: 否 | G35: =IF($F35="是",稀有度固定概率设置!$B$6,IFERROR(INDEX(稀有度固定概率设置!$B$2:$B$5,MATCH($D35,稀有度固定概率设置!$A$2:$A$5,0)),"")) | H35: =IF($G35<>"",$G35,(1-SUMIF($A$2:$A$111,$A35,$G$2:$G$111))/COUNTIFS($A$2:$A$111,$A35,$D$2:$D$111,"普通",$F$2:$F$111,"否")) -> 0.045666667 | I35: =H35*E35 -> 2.5116667
A36: 深层洞穴/矿脉核心 | B36: 烟晶 | C36: =INDEX(矿物图鉴!$B$2:$B$104,MATCH($B36,矿物图鉴!$A$2:$A$104,0)) -> 常见宝石矿物 | D36: =INDEX(矿物图鉴!$C$2:$C$104,MATCH($B36,矿物图鉴!$A$2:$A$104,0)) -> 普通 | E36: =INDEX(矿物图鉴!$E$2:$E$104,MATCH($B36,矿物图鉴!$A$2:$A$104,0)) -> 50 | F36: 否 | G36: =IF($F36="是",稀有度固定概率设置!$B$6,IFERROR(INDEX(稀有度固定概率设置!$B$2:$B$5,MATCH($D36,稀有度固定概率设置!$A$2:$A$5,0)),"")) | H36: =IF($G36<>"",$G36,(1-SUMIF($A$2:$A$111,$A36,$G$2:$G$111))/COUNTIFS($A$2:$A$111,$A36,$D$2:$D$111,"普通",$F$2:$F$111,"否")) -> 0.045666667 | I36: =H36*E36 -> 2.2833333
A37: 深层洞穴/矿脉核心 | B37: 磷叶石 | C37: =INDEX(矿物图鉴!$B$2:$B$104,MATCH($B37,矿物图鉴!$A$2:$A$104,0)) -> 珍稀晶体矿物 | D37: =INDEX(矿物图鉴!$C$2:$C$104,MATCH($B37,矿物图鉴!$A$2:$A$104,0)) -> 传说 | E37: =INDEX(矿物图鉴!$E$2:$E$104,MATCH($B37,矿物图鉴!$A$2:$A$104,0)) -> 1500 | F37: 否 | G37: =IF($F37="是",稀有度固定概率设置!$B$6,IFERROR(INDEX(稀有度固定概率设置!$B$2:$B$5,MATCH($D37,稀有度固定概率设置!$A$2:$A$5,0)),"")) -> 0.001 | H37: =IF($G37<>"",$G37,(1-SUMIF($A$2:$A$111,$A37,$G$2:$G$111))/COUNTIFS($A$2:$A$111,$A37,$D$2:$D$111,"普通",$F$2:$F$111,"否")) -> 0.001 | I37: =H37*E37 -> 1.5
A38: 深层洞穴/矿脉核心 | B38: 幽灵水晶 | C38: =INDEX(矿物图鉴!$B$2:$B$104,MATCH($B38,矿物图鉴!$A$2:$A$104,0)) -> 珍稀晶体矿物 | D38: =INDEX(矿物图鉴!$C$2:$C$104,MATCH($B38,矿物图鉴!$A$2:$A$104,0)) -> 史诗 | E38: =INDEX(矿物图鉴!$E$2:$E$104,MATCH($B38,矿物图鉴!$A$2:$A$104,0)) -> 1900 | F38: 否 | G38: =IF($F38="是",稀有度固定概率设置!$B$6,IFERROR(INDEX(稀有度固定概率设置!$B$2:$B$5,MATCH($D38,稀有度固定概率设置!$A$2:$A$5,0)),"")) -> 0.005 | H38: =IF($G38<>"",$G38,(1-SUMIF($A$2:$A$111,$A38,$G$2:$G$111))/COUNTIFS($A$2:$A$111,$A38,$D$2:$D$111,"普通",$F$2:$F$111,"否")) -> 0.005 | I38: =H38*E38 -> 9.5
A39: 深层洞穴/矿脉核心 | B39: 蓝锥矿 | C39: =INDEX(矿物图鉴!$B$2:$B$104,MATCH($B39,矿物图鉴!$A$2:$A$104,0)) -> 珍稀晶体矿物 | D39: =INDEX(矿物图鉴!$C$2:$C$104,MATCH($B39,矿物图鉴!$A$2:$A$104,0)) -> 史诗 | E39: =INDEX(矿物图鉴!$E$2:$E$104,MATCH($B39,矿物图鉴!$A$2:$A$104,0)) -> 1800 | F39: 否 | G39: =IF($F39="是",稀有度固定概率设置!$B$6,IFERROR(INDEX(稀有度固定概率设置!$B$2:$B$5,MATCH($D39,稀有度固定概率设置!$A$2:$A$5,0)),"")) -> 0.005 | H39: =IF($G39<>"",$G39,(1-SUMIF($A$2:$A$111,$A39,$G$2:$G$111))/COUNTIFS($A$2:$A$111,$A39,$D$2:$D$111,"普通",$F$2:$F$111,"否")) -> 0.005 | I39: =H39*E39 -> 9
A40: 深层洞穴/矿脉核心 | B40: 天青石 | C40: =INDEX(矿物图鉴!$B$2:$B$104,MATCH($B40,矿物图鉴!$A$2:$A$104,0)) -> 常见宝石矿物 | D40: =INDEX(矿物图鉴!$C$2:$C$104,MATCH($B40,矿物图鉴!$A$2:$A$104,0)) -> 少见 | E40: =INDEX(矿物图鉴!$E$2:$E$104,MATCH($B40,矿物图鉴!$A$2:$A$104,0)) -> 95 | F40: 否 | G40: =IF($F40="是",稀有度固定概率设置!$B$6,IFERROR(INDEX(稀有度固定概率设置!$B$2:$B$5,MATCH($D40,稀有度固定概率设置!$A$2:$A$5,0)),"")) -> 0.06 | H40: =IF($G40<>"",$G40,(1-SUMIF($A$2:$A$111,$A40,$G$2:$G$111))/COUNTIFS($A$2:$A$111,$A40,$D$2:$D$111,"普通",$F$2:$F$111,"否")) -> 0.06 | I40: =H40*E40 -> 5.7
... A46: 深层洞穴/矿脉核心 | B46: 翡翠 | C46: =INDEX(矿物图鉴!$B$2:$B$104,MATCH($B46,矿物图鉴!$A$2:$A$104,0)) -> 常见宝石矿物 | D46: =INDEX(矿物图鉴!$C$2:$C$104,MATCH($B46,矿物图鉴!$A$2:$A$104,0)) -> 史诗 | E46: =INDEX(矿物图鉴!$E$2:$E$104,MATCH($B46,矿物图鉴!$A$2:$A$104,0)) -> 2500 | F46: 否 | G46: =IF($F46="是",稀有度固定概率设置!$B$6,IFERROR(INDEX(稀有度固定概率设置!$B$2:$B$5,MATCH($D46,稀有度固定概率设置!$A$2:$A$5,0)),"")) -> 0.005 | H46: =IF($G46<>"",$G46,(1-SUMIF($A$2:$A$111,$A46,$G$2:$G$111))/COUNTIFS($A$2:$A$111,$A46,$D$2:$D$111,"普通",$F$2:$F$111,"否")) -> 0.005 | I46: =H46*E46 -> 12.5
A47: 深层洞穴/矿脉核心 · 合计 | H47: =SUM(H29:H46) -> 1 | I47: =SUM(I29:I46) -> 119.215
A48: 火山/熔岩区 | B48: 火山岩渣 | C48: =INDEX(矿物图鉴!$B$2:$B$104,MATCH($B48,矿物图鉴!$A$2:$A$104,0)) -> 工业矿物 | D48: =INDEX(矿物图鉴!$C$2:$C$104,MATCH($B48,矿物图鉴!$A$2:$A$104,0)) -> 普通 | E48: =INDEX(矿物图鉴!$E$2:$E$104,MATCH($B48,矿物图鉴!$A$2:$A$104,0)) -> 35 | F48: 是 | G48: =IF($F48="是",稀有度固定概率设置!$B$6,IFERROR(INDEX(稀有度固定概率设置!$B$2:$B$5,MATCH($D48,稀有度固定概率设置!$A$2:$A$5,0)),"")) -> 0.5 | H48: =IF($G48<>"",$G48,(1-SUMIF($A$2:$A$111,$A48,$G$2:$G$111))/COUNTIFS($A$2:$A$111,$A48,$D$2:$D$111,"普通",$F$2:$F$111,"否")) -> 0.5 | I48: =H48*E48 -> 17.5
A49: 火山/熔岩区 | B49: 硫磺 | C49: =INDEX(矿物图鉴!$B$2:$B$104,MATCH($B49,矿物图鉴!$A$2:$A$104,0)) -> 工业矿物 | D49: =INDEX(矿物图鉴!$C$2:$C$104,MATCH($B49,矿物图鉴!$A$2:$A$104,0)) -> 普通 | E49: =INDEX(矿物图鉴!$E$2:$E$104,MATCH($B49,矿物图鉴!$A$2:$A$104,0)) -> 6 | F49: 否 | G49: =IF($F49="是",稀有度固定概率设置!$B$6,IFERROR(INDEX(稀有度固定概率设置!$B$2:$B$5,MATCH($D49,稀有度固定概率设置!$A$2:$A$5,0)),"")) | H49: =IF($G49<>"",$G49,(1-SUMIF($A$2:$A$111,$A49,$G$2:$G$111))/COUNTIFS($A$2:$A$111,$A49,$D$2:$D$111,"普通",$F$2:$F$111,"否")) -> 0.123 | I49: =H49*E49 -> 0.738
A50: 火山/熔岩区 | B50: 黑曜岩 | C50: =INDEX(矿物图鉴!$B$2:$B$104,MATCH($B50,矿物图鉴!$A$2:$A$104,0)) -> 工业矿物 | D50: =INDEX(矿物图鉴!$C$2:$C$104,MATCH($B50,矿物图鉴!$A$2:$A$104,0)) -> 少见 | E50: =INDEX(矿物图鉴!$E$2:$E$104,MATCH($B50,矿物图鉴!$A$2:$A$104,0)) -> 25 | F50: 否 | G50: =IF($F50="是",稀有度固定概率设置!$B$6,IFERROR(INDEX(稀有度固定概率设置!$B$2:$B$5,MATCH($D50,稀有度固定概率设置!$A$2:$A$5,0)),"")) -> 0.06 | H50: =IF($G50<>"",$G50,(1-SUMIF($A$2:$A$111,$A50,$G$2:$G$111))/COUNTIFS($A$2:$A$111,$A50,$D$2:$D$111,"普通",$F$2:$F$111,"否")) -> 0.06 | I50: =H50*E50 -> 1.5
A51: 火山/熔岩区 | B51: 铬铁矿 | C51: =INDEX(矿物图鉴!$B$2:$B$104,MATCH($B51,矿物图鉴!$A$2:$A$104,0)) -> 工业矿物 | D51: =INDEX(矿物图鉴!$C$2:$C$104,MATCH($B51,矿物图鉴!$A$2:$A$104,0)) -> 少见 | E51: =INDEX(矿物图鉴!$E$2:$E$104,MATCH($B51,矿物图鉴!$A$2:$A$104,0)) -> 28 | F51: 否 | G51: =IF($F51="是",稀有度固定概率设置!$B$6,IFERROR(INDEX(稀有度固定概率设置!$B$2:$B$5,MATCH($D51,稀有度固定概率设置!$A$2:$A$5,0)),"")) -> 0.06 | H51: =IF($G51<>"",$G51,(1-SUMIF($A$2:$A$111,$A51,$G$2:$G$111))/COUNTIFS($A$2:$A$111,$A51,$D$2:$D$111,"普通",$F$2:$F$111,"否")) -> 0.06 | I51: =H51*E51 -> 1.68
A52: 火山/熔岩区 | B52: 辰砂 | C52: =INDEX(矿物图鉴!$B$2:$B$104,MATCH($B52,矿物图鉴!$A$2:$A$104,0)) -> 珍稀晶体矿物 | D52: =INDEX(矿物图鉴!$C$2:$C$104,MATCH($B52,矿物图鉴!$A$2:$A$104,0)) -> 史诗 | E52: =INDEX(矿物图鉴!$E$2:$E$104,MATCH($B52,矿物图鉴!$A$2:$A$104,0)) -> 1300 | F52: 否 | G52: =IF($F52="是",稀有度固定概率设置!$B$6,IFERROR(INDEX(稀有度固定概率设置!$B$2:$B$5,MATCH($D52,稀有度固定概率设置!$A$2:$A$5,0)),"")) -> 0.005 | H52: =IF($G52<>"",$G52,(1-SUMIF($A$2:$A$111,$A52,$G$2:$G$111))/COUNTIFS($A$2:$A$111,$A52,$D$2:$D$111,"普通",$F$2:$F$111,"否")) -> 0.005 | I52: =H52*E52 -> 6.5
A53: 火山/熔岩区 | B53: 橄榄石 | C53: =INDEX(矿物图鉴!$B$2:$B$104,MATCH($B53,矿物图鉴!$A$2:$A$104,0)) -> 常见宝石矿物 | D53: =INDEX(矿物图鉴!$C$2:$C$104,MATCH($B53,矿物图鉴!$A$2:$A$104,0)) -> 少见 | E53: =INDEX(矿物图鉴!$E$2:$E$104,MATCH($B53,矿物图鉴!$A$2:$A$104,0)) -> 120 | F53: 否 | G53: =IF($F53="是",稀有度固定概率设置!$B$6,IFERROR(INDEX(稀有度固定概率设置!$B$2:$B$5,MATCH($D53,稀有度固定概率设置!$A$2:$A$5,0)),"")) -> 0.06 | H53: =IF($G53<>"",$G53,(1-SUMIF($A$2:$A$111,$A53,$G$2:$G$111))/COUNTIFS($A$2:$A$111,$A53,$D$2:$D$111,"普通",$F$2:$F$111,"否")) -> 0.06 | I53: =H53*E53 -> 7.2
A54: 火山/熔岩区 | B54: 石榴石 | C54: =INDEX(矿物图鉴!$B$2:$B$104,MATCH($B54,矿物图鉴!$A$2:$A$104,0)) -> 常见宝石矿物 | D54: =INDEX(矿物图鉴!$C$2:$C$104,MATCH($B54,矿物图鉴!$A$2:$A$104,0)) -> 少见 | E54: =INDEX(矿物图鉴!$E$2:$E$104,MATCH($B54,矿物图鉴!$A$2:$A$104,0)) -> 150 | F54: 否 | G54: =IF($F54="是",稀有度固定概率设置!$B$6,IFERROR(INDEX(稀有度固定概率设置!$B$2:$B$5,MATCH($D54,稀有度固定概率设置!$A$2:$A$5,0)),"")) -> 0.06 | H54: =IF($G54<>"",$G54,(1-SUMIF($A$2:$A$111,$A54,$G$2:$G$111))/COUNTIFS($A$2:$A$111,$A54,$D$2:$D$111,"普通",$F$2:$F$111,"否")) -> 0.06 | I54: =H54*E54 -> 9
A55: 火山/熔岩区 | B55: 黄钻 | C55: =INDEX(矿物图鉴!$B$2:$B$104,MATCH($B55,矿物图鉴!$A$2:$A$104,0)) -> 珍稀晶体矿物 | D55: =INDEX(矿物图鉴!$C$2:$C$104,MATCH($B55,矿物图鉴!$A$2:$A$104,0)) -> 传说 | E55: =INDEX(矿物图鉴!$E$2:$E$104,MATCH($B55,矿物图鉴!$A$2:$A$104,0)) -> 4000 | F55: 否 | G55: =IF($F55="是",稀有度固定概率设置!$B$6,IFERROR(INDEX(稀有度固定概率设置!$B$2:$B$5,MATCH($D55,稀有度固定概率设置!$A$2:$A$5,0)),"")) -> 0.001 | H55: =IF($G55<>"",$G55,(1-SUMIF($A$2:$A$111,$A55,$G$2:$G$111))/COUNTIFS($A$2:$A$111,$A55,$D$2:$D$111,"普通",$F$2:$F$111,"否")) -> 0.001 | I55: =H55*E55 -> 4
A56: 火山/熔岩区 | B56: 红钻石 | C56: =INDEX(矿物图鉴!$B$2:$B$104,MATCH($B56,矿物图鉴!$A$2:$A$104,0)) -> 珍稀晶体矿物 | D56: =INDEX(矿物图鉴!$C$2:$C$104,MATCH($B56,矿物图鉴!$A$2:$A$104,0)) -> 传说 | E56: =INDEX(矿物图鉴!$E$2:$E$104,MATCH($B56,矿物图鉴!$A$2:$A$104,0)) -> 4200 | F56: 否 | G56: =IF($F56="是",稀有度固定概率设置!$B$6,IFERROR(INDEX(稀有度固定概率设置!$B$2:$B$5,MATCH($D56,稀有度固定概率设置!$A$2:$A$5,0)),"")) -> 0.001 | H56: =IF($G56<>"",$G56,(1-SUMIF($A$2:$A$111,$A56,$G$2:$G$111))/COUNTIFS($A$2:$A$111,$A56,$D$2:$D$111,"普通",$F$2:$F$111,"否")) -> 0.001 | I56: =H56*E56 -> 4.2
A57: 火山/熔岩区 | B57: 变石(亚历山大变石) | C57: =INDEX(矿物图鉴!$B$2:$B$104,MATCH($B57,矿物图鉴!$A$2:$A$104,0)) -> 珍稀晶体矿物 | D57: =INDEX(矿物图鉴!$C$2:$C$104,MATCH($B57,矿物图鉴!$A$2:$A$104,0)) -> 史诗 | E57: =INDEX(矿物图鉴!$E$2:$E$104,MATCH($B57,矿物图鉴!$A$2:$A$104,0)) -> 2000 | F57: 否 | G57: =IF($F57="是",稀有度固定概率设置!$B$6,IFERROR(INDEX(稀有度固定概率设置!$B$2:$B$5,MATCH($D57,稀有度固定概率设置!$A$2:$A$5,0)),"")) -> 0.005 | H57: =IF($G57<>"",$G57,(1-SUMIF($A$2:$A$111,$A57,$G$2:$G$111))/COUNTIFS($A$2:$A$111,$A57,$D$2:$D$111,"普通",$F$2:$F$111,"否")) -> 0.005 | I57: =H57*E57 -> 10
A58: 火山/熔岩区 | B58: 圆粒金刚石(波札) | C58: =INDEX(矿物图鉴!$B$2:$B$104,MATCH($B58,矿物图鉴!$A$2:$A$104,0)) -> 珍稀晶体矿物 | D58: =INDEX(矿物图鉴!$C$2:$C$104,MATCH($B58,矿物图鉴!$A$2:$A$104,0)) -> 传说 | E58: =INDEX(矿物图鉴!$E$2:$E$104,MATCH($B58,矿物图鉴!$A$2:$A$104,0)) -> 5000 | F58: 否 | G58: =IF($F58="是",稀有度固定概率设置!$B$6,IFERROR(INDEX(稀有度固定概率设置!$B$2:$B$5,MATCH($D58,稀有度固定概率设置!$A$2:$A$5,0)),"")) -> 0.001 | H58: =IF($G58<>"",$G58,(1-SUMIF($A$2:$A$111,$A58,$G$2:$G$111))/COUNTIFS($A$2:$A$111,$A58,$D$2:$D$111,"普通",$F$2:$F$111,"否")) -> 0.001 | I58: =H58*E58 -> 5
A59: 火山/熔岩区 | B59: 重晶石 | C59: =INDEX(矿物图鉴!$B$2:$B$104,MATCH($B59,矿物图鉴!$A$2:$A$104,0)) -> 工业矿物 | D59: =INDEX(矿物图鉴!$C$2:$C$104,MATCH($B59,矿物图鉴!$A$2:$A$104,0)) -> 普通 | E59: =INDEX(矿物图鉴!$E$2:$E$104,MATCH($B59,矿物图鉴!$A$2:$A$104,0)) -> 10 | F59: 否 | G59: =IF($F59="是",稀有度固定概率设置!$B$6,IFERROR(INDEX(稀有度固定概率设置!$B$2:$B$5,MATCH($D59,稀有度固定概率设置!$A$2:$A$5,0)),"")) | H59: =IF($G59<>"",$G59,(1-SUMIF($A$2:$A$111,$A59,$G$2:$G$111))/COUNTIFS($A$2:$A$111,$A59,$D$2:$D$111,"普通",$F$2:$F$111,"否")) -> 0.123 | I59: =H59*E59 -> 1.23
A60: 火山/熔岩区 | B60: 钻石 | C60: =INDEX(矿物图鉴!$B$2:$B$104,MATCH($B60,矿物图鉴!$A$2:$A$104,0)) -> 常见宝石矿物 | D60: =INDEX(矿物图鉴!$C$2:$C$104,MATCH($B60,矿物图鉴!$A$2:$A$104,0)) -> 传说 | E60: =INDEX(矿物图鉴!$E$2:$E$104,MATCH($B60,矿物图鉴!$A$2:$A$104,0)) -> 3000 | F60: 否 | G60: =IF($F60="是",稀有度固定概率设置!$B$6,IFERROR(INDEX(稀有度固定概率设置!$B$2:$B$5,MATCH($D60,稀有度固定概率设置!$A$2:$A$5,0)),"")) -> 0.001 | H60: =IF($G60<>"",$G60,(1-SUMIF($A$2:$A$111,$A60,$G$2:$G$111))/COUNTIFS($A$2:$A$111,$A60,$D$2:$D$111,"普通",$F$2:$F$111,"否")) -> 0.001 | I60: =H60*E60 -> 3
A61: 火山/熔岩区 · 合计 | H61: =SUM(H48:H60) -> 1 | I61: =SUM(I48:I60) -> 71.548
A62: 沙漠 | B62: 石英砂 | C62: =INDEX(矿物图鉴!$B$2:$B$104,MATCH($B62,矿物图鉴!$A$2:$A$104,0)) -> 工业矿物 | D62: =INDEX(矿物图鉴!$C$2:$C$104,MATCH($B62,矿物图鉴!$A$2:$A$104,0)) -> 普通 | E62: =INDEX(矿物图鉴!$E$2:$E$104,MATCH($B62,矿物图鉴!$A$2:$A$104,0)) -> 12 | F62: 是 | G62: =IF($F62="是",稀有度固定概率设置!$B$6,IFERROR(INDEX(稀有度固定概率设置!$B$2:$B$5,MATCH($D62,稀有度固定概率设置!$A$2:$A$5,0)),"")) -> 0.5 | H62: =IF($G62<>"",$G62,(1-SUMIF($A$2:$A$111,$A62,$G$2:$G$111))/COUNTIFS($A$2:$A$111,$A62,$D$2:$D$111,"普通",$F$2:$F$111,"否")) -> 0.5 | I62: =H62*E62 -> 6
A63: 沙漠 | B63: 石膏 | C63: =INDEX(矿物图鉴!$B$2:$B$104,MATCH($B63,矿物图鉴!$A$2:$A$104,0)) -> 工业矿物 | D63: =INDEX(矿物图鉴!$C$2:$C$104,MATCH($B63,矿物图鉴!$A$2:$A$104,0)) -> 普通 | E63: =INDEX(矿物图鉴!$E$2:$E$104,MATCH($B63,矿物图鉴!$A$2:$A$104,0)) -> 4 | F63: 否 | G63: =IF($F63="是",稀有度固定概率设置!$B$6,IFERROR(INDEX(稀有度固定概率设置!$B$2:$B$5,MATCH($D63,稀有度固定概率设置!$A$2:$A$5,0)),"")) | H63: =IF($G63<>"",$G63,(1-SUMIF($A$2:$A$111,$A63,$G$2:$G$111))/COUNTIFS($A$2:$A$111,$A63,$D$2:$D$111,"普通",$F$2:$F$111,"否")) -> 0.04725 | I63: =H63*E63 -> 0.189
A64: 沙漠 | B64: 硼砂 | C64: =INDEX(矿物图鉴!$B$2:$B$104,MATCH($B64,矿物图鉴!$A$2:$A$104,0)) -> 工业矿物 | D64: =INDEX(矿物图鉴!$C$2:$C$104,MATCH($B64,矿物图鉴!$A$2:$A$104,0)) -> 少见 | E64: =INDEX(矿物图鉴!$E$2:$E$104,MATCH($B64,矿物图鉴!$A$2:$A$104,0)) -> 14 | F64: 否 | G64: =IF($F64="是",稀有度固定概率设置!$B$6,IFERROR(INDEX(稀有度固定概率设置!$B$2:$B$5,MATCH($D64,稀有度固定概率设置!$A$2:$A$5,0)),"")) -> 0.06 | H64: =IF($G64<>"",$G64,(1-SUMIF($A$2:$A$111,$A64,$G$2:$G$111))/COUNTIFS($A$2:$A$111,$A64,$D$2:$D$111,"普通",$F$2:$F$111,"否")) -> 0.06 | I64: =H64*E64 -> 0.84
A65: 沙漠 | B65: 磷灰石 | C65: =INDEX(矿物图鉴!$B$2:$B$104,MATCH($B65,矿物图鉴!$A$2:$A$104,0)) -> 工业矿物 | D65: =INDEX(矿物图鉴!$C$2:$C$104,MATCH($B65,矿物图鉴!$A$2:$A$104,0)) -> 普通 | E65: =INDEX(矿物图鉴!$E$2:$E$104,MATCH($B65,矿物图鉴!$A$2:$A$104,0)) -> 8 | F65: 否 | G65: =IF($F65="是",稀有度固定概率设置!$B$6,IFERROR(INDEX(稀有度固定概率设置!$B$2:$B$5,MATCH($D65,稀有度固定概率设置!$A$2:$A$5,0)),"")) | H65: =IF($G65<>"",$G65,(1-SUMIF($A$2:$A$111,$A65,$G$2:$G$111))/COUNTIFS($A$2:$A$111,$A65,$D$2:$D$111,"普通",$F$2:$F$111,"否")) -> 0.04725 | I65: =H65*E65 -> 0.378
A66: 沙漠 | B66: 月光石 | C66: =INDEX(矿物图鉴!$B$2:$B$104,MATCH($B66,矿物图鉴!$A$2:$A$104,0)) -> 常见宝石矿物 | D66: =INDEX(矿物图鉴!$C$2:$C$104,MATCH($B66,矿物图鉴!$A$2:$A$104,0)) -> 少见 | E66: =INDEX(矿物图鉴!$E$2:$E$104,MATCH($B66,矿物图鉴!$A$2:$A$104,0)) -> 140 | F66: 否 | G66: =IF($F66="是",稀有度固定概率设置!$B$6,IFERROR(INDEX(稀有度固定概率设置!$B$2:$B$5,MATCH($D66,稀有度固定概率设置!$A$2:$A$5,0)),"")) -> 0.06 | H66: =IF($G66<>"",$G66,(1-SUMIF($A$2:$A$111,$A66,$G$2:$G$111))/COUNTIFS($A$2:$A$111,$A66,$D$2:$D$111,"普通",$F$2:$F$111,"否")) -> 0.06 | I66: =H66*E66 -> 8.4
A67: 沙漠 | B67: 拉长石 | C67: =INDEX(矿物图鉴!$B$2:$B$104,MATCH($B67,矿物图鉴!$A$2:$A$104,0)) -> 常见宝石矿物 | D67: =INDEX(矿物图鉴!$C$2:$C$104,MATCH($B67,矿物图鉴!$A$2:$A$104,0)) -> 少见 | E67: =INDEX(矿物图鉴!$E$2:$E$104,MATCH($B67,矿物图鉴!$A$2:$A$104,0)) -> 130 | F67: 否 | G67: =IF($F67="是",稀有度固定概率设置!$B$6,IFERROR(INDEX(稀有度固定概率设置!$B$2:$B$5,MATCH($D67,稀有度固定概率设置!$A$2:$A$5,0)),"")) -> 0.06 | H67: =IF($G67<>"",$G67,(1-SUMIF($A$2:$A$111,$A67,$G$2:$G$111))/COUNTIFS($A$2:$A$111,$A67,$D$2:$D$111,"普通",$F$2:$F$111,"否")) -> 0.06 | I67: =H67*E67 -> 7.8
A68: 沙漠 | B68: 帕德玛刚玉 | C68: =INDEX(矿物图鉴!$B$2:$B$104,MATCH($B68,矿物图鉴!$A$2:$A$104,0)) -> 珍稀晶体矿物 | D68: =INDEX(矿物图鉴!$C$2:$C$104,MATCH($B68,矿物图鉴!$A$2:$A$104,0)) -> 传说 | E68: =INDEX(矿物图鉴!$E$2:$E$104,MATCH($B68,矿物图鉴!$A$2:$A$104,0)) -> 3500 | F68: 否 | G68: =IF($F68="是",稀有度固定概率设置!$B$6,IFERROR(INDEX(稀有度固定概率设置!$B$2:$B$5,MATCH($D68,稀有度固定概率设置!$A$2:$A$5,0)),"")) -> 0.001 | H68: =IF($G68<>"",$G68,(1-SUMIF($A$2:$A$111,$A68,$G$2:$G$111))/COUNTIFS($A$2:$A$111,$A68,$D$2:$D$111,"普通",$F$2:$F$111,"否")) -> 0.001 | I68: =H68*E68 -> 3.5
A69: 沙漠 | B69: 托帕石 | C69: =INDEX(矿物图鉴!$B$2:$B$104,MATCH($B69,矿物图鉴!$A$2:$A$104,0)) -> 常见宝石矿物 | D69: =INDEX(矿物图鉴!$C$2:$C$104,MATCH($B69,矿物图鉴!$A$2:$A$104,0)) -> 少见 | E69: =INDEX(矿物图鉴!$E$2:$E$104,MATCH($B69,矿物图鉴!$A$2:$A$104,0)) -> 180 | F69: 否 | G69: =IF($F69="是",稀有度固定概率设置!$B$6,IFERROR(INDEX(稀有度固定概率设置!$B$2:$B$5,MATCH($D69,稀有度固定概率设置!$A$2:$A$5,0)),"")) -> 0.06 | H69: =IF($G69<>"",$G69,(1-SUMIF($A$2:$A$111,$A69,$G$2:$G$111))/COUNTIFS($A$2:$A$111,$A69,$D$2:$D$111,"普通",$F$2:$F$111,"否")) -> 0.06 | I69: =H69*E69 -> 10.8
A70: 沙漠 | B70: 玛瑙 | C70: =INDEX(矿物图鉴!$B$2:$B$104,MATCH($B70,矿物图鉴!$A$2:$A$104,0)) -> 常见宝石矿物 | D70: =INDEX(矿物图鉴!$C$2:$C$104,MATCH($B70,矿物图鉴!$A$2:$A$104,0)) -> 普通 | E70: =INDEX(矿物图鉴!$E$2:$E$104,MATCH($B70,矿物图鉴!$A$2:$A$104,0)) -> 40 | F70: 否 | G70: =IF($F70="是",稀有度固定概率设置!$B$6,IFERROR(INDEX(稀有度固定概率设置!$B$2:$B$5,MATCH($D70,稀有度固定概率设置!$A$2:$A$5,0)),"")) | H70: =IF($G70<>"",$G70,(1-SUMIF($A$2:$A$111,$A70,$G$2:$G$111))/COUNTIFS($A$2:$A$111,$A70,$D$2:$D$111,"普通",$F$2:$F$111,"否")) -> 0.04725 | I70: =H70*E70 -> 1.89
A71: 沙漠 | B71: 硅化木 | C71: =INDEX(矿物图鉴!$B$2:$B$104,MATCH($B71,矿物图鉴!$A$2:$A$104,0)) -> 化石 | D71: =INDEX(矿物图鉴!$C$2:$C$104,MATCH($B71,矿物图鉴!$A$2:$A$104,0)) -> 少见 | E71: =INDEX(矿物图鉴!$E$2:$E$104,MATCH($B71,矿物图鉴!$A$2:$A$104,0)) -> 220 | F71: 否 | G71: =IF($F71="是",稀有度固定概率设置!$B$6,IFERROR(INDEX(稀有度固定概率设置!$B$2:$B$5,MATCH($D71,稀有度固定概率设置!$A$2:$A$5,0)),"")) -> 0.06 | H71: =IF($G71<>"",$G71,(1-SUMIF($A$2:$A$111,$A71,$G$2:$G$111))/COUNTIFS($A$2:$A$111,$A71,$D$2:$D$111,"普通",$F$2:$F$111,"否")) -> 0.06 | I71: =H71*E71 -> 13.2
A72: 沙漠 | B72: 岩盐 | C72: =INDEX(矿物图鉴!$B$2:$B$104,MATCH($B72,矿物图鉴!$A$2:$A$104,0)) -> 工业矿物 | D72: =INDEX(矿物图鉴!$C$2:$C$104,MATCH($B72,矿物图鉴!$A$2:$A$104,0)) -> 普通 | E72: =INDEX(矿物图鉴!$E$2:$E$104,MATCH($B72,矿物图鉴!$A$2:$A$104,0)) -> 4 | F72: 否 | G72: =IF($F72="是",稀有度固定概率设置!$B$6,IFERROR(INDEX(稀有度固定概率设置!$B$2:$B$5,MATCH($D72,稀有度固定概率设置!$A$2:$A$5,0)),"")) | H72: =IF($G72<>"",$G72,(1-SUMIF($A$2:$A$111,$A72,$G$2:$G$111))/COUNTIFS($A$2:$A$111,$A72,$D$2:$D$111,"普通",$F$2:$F$111,"否")) -> 0.04725 | I72: =H72*E72 -> 0.189
A73: 沙漠 | B73: 恐龙蛋化石 | C73: =INDEX(矿物图鉴!$B$2:$B$104,MATCH($B73,矿物图鉴!$A$2:$A$104,0)) -> 化石 | D73: =INDEX(矿物图鉴!$C$2:$C$104,MATCH($B73,矿物图鉴!$A$2:$A$104,0)) -> 史诗 | E73: =INDEX(矿物图鉴!$E$2:$E$104,MATCH($B73,矿物图鉴!$A$2:$A$104,0)) -> 3000 | F73: 否 | G73: =IF($F73="是",稀有度固定概率设置!$B$6,IFERROR(INDEX(稀有度固定概率设置!$B$2:$B$5,MATCH($D73,稀有度固定概率设置!$A$2:$A$5,0)),"")) -> 0.005 | H73: =IF($G73<>"",$G73,(1-SUMIF($A$2:$A$111,$A73,$G$2:$G$111))/COUNTIFS($A$2:$A$111,$A73,$D$2:$D$111,"普通",$F$2:$F$111,"否")) -> 0.005 | I73: =H73*E73 -> 15
A74: 沙漠 | B74: 恐龙骨骼化石 | C74: =INDEX(矿物图鉴!$B$2:$B$104,MATCH($B74,矿物图鉴!$A$2:$A$104,0)) -> 化石 | D74: =INDEX(矿物图鉴!$C$2:$C$104,MATCH($B74,矿物图鉴!$A$2:$A$104,0)) -> 史诗 | E74: =INDEX(矿物图鉴!$E$2:$E$104,MATCH($B74,矿物图鉴!$A$2:$A$104,0)) -> 2500 | F74: 否 | G74: =IF($F74="是",稀有度固定概率设置!$B$6,IFERROR(INDEX(稀有度固定概率设置!$B$2:$B$5,MATCH($D74,稀有度固定概率设置!$A$2:$A$5,0)),"")) -> 0.005 | H74: =IF($G74<>"",$G74,(1-SUMIF($A$2:$A$111,$A74,$G$2:$G$111))/COUNTIFS($A$2:$A$111,$A74,$D$2:$D$111,"普通",$F$2:$F$111,"否")) -> 0.005 | I74: =H74*E74 -> 12.5
A75: 沙漠 · 合计 | H75: =SUM(H62:H74) -> 1 | I75: =SUM(I62:I74) -> 80.686
A76: 极地/雪原冰川 | B76: 冰 | C76: =INDEX(矿物图鉴!$B$2:$B$104,MATCH($B76,矿物图鉴!$A$2:$A$104,0)) -> 工业矿物 | D76: =INDEX(矿物图鉴!$C$2:$C$104,MATCH($B76,矿物图鉴!$A$2:$A$104,0)) -> 普通 | E76: =INDEX(矿物图鉴!$E$2:$E$104,MATCH($B76,矿物图鉴!$A$2:$A$104,0)) -> 25 | F76: 是 | G76: =IF($F76="是",稀有度固定概率设置!$B$6,IFERROR(INDEX(稀有度固定概率设置!$B$2:$B$5,MATCH($D76,稀有度固定概率设置!$A$2:$A$5,0)),"")) -> 0.5 | H76: =IF($G76<>"",$G76,(1-SUMIF($A$2:$A$111,$A76,$G$2:$G$111))/COUNTIFS($A$2:$A$111,$A76,$D$2:$D$111,"普通",$F$2:$F$111,"否")) -> 0.5 | I76: =H76*E76 -> 12.5
A77: 极地/雪原冰川 | B77: 云母 | C77: =INDEX(矿物图鉴!$B$2:$B$104,MATCH($B77,矿物图鉴!$A$2:$A$104,0)) -> 工业矿物 | D77: =INDEX(矿物图鉴!$C$2:$C$104,MATCH($B77,矿物图鉴!$A$2:$A$104,0)) -> 普通 | E77: =INDEX(矿物图鉴!$E$2:$E$104,MATCH($B77,矿物图鉴!$A$2:$A$104,0)) -> 7 | F77: 否 | G77: =IF($F77="是",稀有度固定概率设置!$B$6,IFERROR(INDEX(稀有度固定概率设置!$B$2:$B$5,MATCH($D77,稀有度固定概率设置!$A$2:$A$5,0)),"")) | H77: =IF($G77<>"",$G77,(1-SUMIF($A$2:$A$111,$A77,$G$2:$G$111))/COUNTIFS($A$2:$A$111,$A77,$D$2:$D$111,"普通",$F$2:$F$111,"否")) -> 0.1345 | I77: =H77*E77 -> 0.9415
A78: 极地/雪原冰川 | B78: 冰洲石 | C78: =INDEX(矿物图鉴!$B$2:$B$104,MATCH($B78,矿物图鉴!$A$2:$A$104,0)) -> 常见宝石矿物 | D78: =INDEX(矿物图鉴!$C$2:$C$104,MATCH($B78,矿物图鉴!$A$2:$A$104,0)) -> 少见 | E78: =INDEX(矿物图鉴!$E$2:$E$104,MATCH($B78,矿物图鉴!$A$2:$A$104,0)) -> 20 | F78: 否 | G78: =IF($F78="是",稀有度固定概率设置!$B$6,IFERROR(INDEX(稀有度固定概率设置!$B$2:$B$5,MATCH($D78,稀有度固定概率设置!$A$2:$A$5,0)),"")) -> 0.06 | H78: =IF($G78<>"",$G78,(1-SUMIF($A$2:$A$111,$A78,$G$2:$G$111))/COUNTIFS($A$2:$A$111,$A78,$D$2:$D$111,"普通",$F$2:$F$111,"否")) -> 0.06 | I78: =H78*E78 -> 1.2
A79: 极地/雪原冰川 | B79: 蓝宝石 | C79: =INDEX(矿物图鉴!$B$2:$B$104,MATCH($B79,矿物图鉴!$A$2:$A$104,0)) -> 常见宝石矿物 | D79: =INDEX(矿物图鉴!$C$2:$C$104,MATCH($B79,矿物图鉴!$A$2:$A$104,0)) -> 史诗 | E79: =INDEX(矿物图鉴!$E$2:$E$104,MATCH($B79,矿物图鉴!$A$2:$A$104,0)) -> 1600 | F79: 否 | G79: =IF($F79="是",稀有度固定概率设置!$B$6,IFERROR(INDEX(稀有度固定概率设置!$B$2:$B$5,MATCH($D79,稀有度固定概率设置!$A$2:$A$5,0)),"")) -> 0.005 | H79: =IF($G79<>"",$G79,(1-SUMIF($A$2:$A$111,$A79,$G$2:$G$111))/COUNTIFS($A$2:$A$111,$A79,$D$2:$D$111,"普通",$F$2:$F$111,"否")) -> 0.005 | I79: =H79*E79 -> 8
A80: 极地/雪原冰川 | B80: 坦桑石 | C80: =INDEX(矿物图鉴!$B$2:$B$104,MATCH($B80,矿物图鉴!$A$2:$A$104,0)) -> 常见宝石矿物 | D80: =INDEX(矿物图鉴!$C$2:$C$104,MATCH($B80,矿物图鉴!$A$2:$A$104,0)) -> 稀有 | E80: =INDEX(矿物图鉴!$E$2:$E$104,MATCH($B80,矿物图鉴!$A$2:$A$104,0)) -> 600 | F80: 否 | G80: =IF($F80="是",稀有度固定概率设置!$B$6,IFERROR(INDEX(稀有度固定概率设置!$B$2:$B$5,MATCH($D80,稀有度固定概率设置!$A$2:$A$5,0)),"")) -> 0.02 | H80: =IF($G80<>"",$G80,(1-SUMIF($A$2:$A$111,$A80,$G$2:$G$111))/COUNTIFS($A$2:$A$111,$A80,$D$2:$D$111,"普通",$F$2:$F$111,"否")) -> 0.02 | I80: =H80*E80 -> 12
A81: 极地/雪原冰川 | B81: 南极石 | C81: =INDEX(矿物图鉴!$B$2:$B$104,MATCH($B81,矿物图鉴!$A$2:$A$104,0)) -> 珍稀晶体矿物 | D81: =INDEX(矿物图鉴!$C$2:$C$104,MATCH($B81,矿物图鉴!$A$2:$A$104,0)) -> 传说 | E81: =INDEX(矿物图鉴!$E$2:$E$104,MATCH($B81,矿物图鉴!$A$2:$A$104,0)) -> 2800 | F81: 否 | G81: =IF($F81="是",稀有度固定概率设置!$B$6,IFERROR(INDEX(稀有度固定概率设置!$B$2:$B$5,MATCH($D81,稀有度固定概率设置!$A$2:$A$5,0)),"")) -> 0.001 | H81: =IF($G81<>"",$G81,(1-SUMIF($A$2:$A$111,$A81,$G$2:$G$111))/COUNTIFS($A$2:$A$111,$A81,$D$2:$D$111,"普通",$F$2:$F$111,"否")) -> 0.001 | I81: =H81*E81 -> 2.8
A82: 极地/雪原冰川 | B82: 猛犸象牙化石 | C82: =INDEX(矿物图鉴!$B$2:$B$104,MATCH($B82,矿物图鉴!$A$2:$A$104,0)) -> 化石 | D82: =INDEX(矿物图鉴!$C$2:$C$104,MATCH($B82,矿物图鉴!$A$2:$A$104,0)) -> 稀有 | E82: =INDEX(矿物图鉴!$E$2:$E$104,MATCH($B82,矿物图鉴!$A$2:$A$104,0)) -> 900 | F82: 否 | G82: =IF($F82="是",稀有度固定概率设置!$B$6,IFERROR(INDEX(稀有度固定概率设置!$B$2:$B$5,MATCH($D82,稀有度固定概率设置!$A$2:$A$5,0)),"")) -> 0.02 | H82: =IF($G82<>"",$G82,(1-SUMIF($A$2:$A$111,$A82,$G$2:$G$111))/COUNTIFS($A$2:$A$111,$A82,$D$2:$D$111,"普通",$F$2:$F$111,"否")) -> 0.02 | I82: =H82*E82 -> 18
A83: 极地/雪原冰川 | B83: 剑齿虎化石 | C83: =INDEX(矿物图鉴!$B$2:$B$104,MATCH($B83,矿物图鉴!$A$2:$A$104,0)) -> 化石 | D83: =INDEX(矿物图鉴!$C$2:$C$104,MATCH($B83,矿物图鉴!$A$2:$A$104,0)) -> 史诗 | E83: =INDEX(矿物图鉴!$E$2:$E$104,MATCH($B83,矿物图鉴!$A$2:$A$104,0)) -> 2200 | F83: 否 | G83: =IF($F83="是",稀有度固定概率设置!$B$6,IFERROR(INDEX(稀有度固定概率设置!$B$2:$B$5,MATCH($D83,稀有度固定概率设置!$A$2:$A$5,0)),"")) -> 0.005 | H83: =IF($G83<>"",$G83,(1-SUMIF($A$2:$A$111,$A83,$G$2:$G$111))/COUNTIFS($A$2:$A$111,$A83,$D$2:$D$111,"普通",$F$2:$F$111,"否")) -> 0.005 | I83: =H83*E83 -> 11
A84: 极地/雪原冰川 | B84: 天青石 | C84: =INDEX(矿物图鉴!$B$2:$B$104,MATCH($B84,矿物图鉴!$A$2:$A$104,0)) -> 常见宝石矿物 | D84: =INDEX(矿物图鉴!$C$2:$C$104,MATCH($B84,矿物图鉴!$A$2:$A$104,0)) -> 少见 | E84: =INDEX(矿物图鉴!$E$2:$E$104,MATCH($B84,矿物图鉴!$A$2:$A$104,0)) -> 95 | F84: 否 | G84: =IF($F84="是",稀有度固定概率设置!$B$6,IFERROR(INDEX(稀有度固定概率设置!$B$2:$B$5,MATCH($D84,稀有度固定概率设置!$A$2:$A$5,0)),"")) -> 0.06 | H84: =IF($G84<>"",$G84,(1-SUMIF($A$2:$A$111,$A84,$G$2:$G$111))/COUNTIFS($A$2:$A$111,$A84,$D$2:$D$111,"普通",$F$2:$F$111,"否")) -> 0.06 | I84: =H84*E84 -> 5.7
A85: 极地/雪原冰川 | B85: 萤石 | C85: =INDEX(矿物图鉴!$B$2:$B$104,MATCH($B85,矿物图鉴!$A$2:$A$104,0)) -> 工业矿物 | D85: =INDEX(矿物图鉴!$C$2:$C$104,MATCH($B85,矿物图鉴!$A$2:$A$104,0)) -> 少见 | E85: =INDEX(矿物图鉴!$E$2:$E$104,MATCH($B85,矿物图鉴!$A$2:$A$104,0)) -> 18 | F85: 否 | G85: =IF($F85="是",稀有度固定概率设置!$B$6,IFERROR(INDEX(稀有度固定概率设置!$B$2:$B$5,MATCH($D85,稀有度固定概率设置!$A$2:$A$5,0)),"")) -> 0.06 | H85: =IF($G85<>"",$G85,(1-SUMIF($A$2:$A$111,$A85,$G$2:$G$111))/COUNTIFS($A$2:$A$111,$A85,$D$2:$D$111,"普通",$F$2:$F$111,"否")) -> 0.06 | I85: =H85*E85 -> 1.08
A86: 极地/雪原冰川 | B86: 方解石晶体 | C86: =INDEX(矿物图鉴!$B$2:$B$104,MATCH($B86,矿物图鉴!$A$2:$A$104,0)) -> 常见宝石矿物 | D86: =INDEX(矿物图鉴!$C$2:$C$104,MATCH($B86,矿物图鉴!$A$2:$A$104,0)) -> 普通 | E86: =INDEX(矿物图鉴!$E$2:$E$104,MATCH($B86,矿物图鉴!$A$2:$A$104,0)) -> 25 | F86: 否 | G86: =IF($F86="是",稀有度固定概率设置!$B$6,IFERROR(INDEX(稀有度固定概率设置!$B$2:$B$5,MATCH($D86,稀有度固定概率设置!$A$2:$A$5,0)),"")) | H86: =IF($G86<>"",$G86,(1-SUMIF($A$2:$A$111,$A86,$G$2:$G$111))/COUNTIFS($A$2:$A$111,$A86,$D$2:$D$111,"普通",$F$2:$F$111,"否")) -> 0.1345 | I86: =H86*E86 -> 3.3625
A87: 极地/雪原冰川 · 合计 | H87: =SUM(H76:H86) -> 1 | I87: =SUM(I76:I86) -> 76.584
A88: 沼泽/湿地 | B88: 泥煤 | C88: =INDEX(矿物图鉴!$B$2:$B$104,MATCH($B88,矿物图鉴!$A$2:$A$104,0)) -> 工业矿物 | D88: =INDEX(矿物图鉴!$C$2:$C$104,MATCH($B88,矿物图鉴!$A$2:$A$104,0)) -> 普通 | E88: =INDEX(矿物图鉴!$E$2:$E$104,MATCH($B88,矿物图鉴!$A$2:$A$104,0)) -> 6 | F88: 是 | G88: =IF($F88="是",稀有度固定概率设置!$B$6,IFERROR(INDEX(稀有度固定概率设置!$B$2:$B$5,MATCH($D88,稀有度固定概率设置!$A$2:$A$5,0)),"")) -> 0.5 | H88: =IF($G88<>"",$G88,(1-SUMIF($A$2:$A$111,$A88,$G$2:$G$111))/COUNTIFS($A$2:$A$111,$A88,$D$2:$D$111,"普通",$F$2:$F$111,"否")) -> 0.5 | I88: =H88*E88 -> 3
A89: 沼泽/湿地 | B89: 褐铁矿 | C89: =INDEX(矿物图鉴!$B$2:$B$104,MATCH($B89,矿物图鉴!$A$2:$A$104,0)) -> 工业矿物 | D89: =INDEX(矿物图鉴!$C$2:$C$104,MATCH($B89,矿物图鉴!$A$2:$A$104,0)) -> 普通 | E89: =INDEX(矿物图鉴!$E$2:$E$104,MATCH($B89,矿物图鉴!$A$2:$A$104,0)) -> 12 | F89: 否 | G89: =IF($F89="是",稀有度固定概率设置!$B$6,IFERROR(INDEX(稀有度固定概率设置!$B$2:$B$5,MATCH($D89,稀有度固定概率设置!$A$2:$A$5,0)),"")) | H89: =IF($G89<>"",$G89,(1-SUMIF($A$2:$A$111,$A89,$G$2:$G$111))/COUNTIFS($A$2:$A$111,$A89,$D$2:$D$111,"普通",$F$2:$F$111,"否")) -> 0.06875 | I89: =H89*E89 -> 0.825
A90: 沼泽/湿地 | B90: 孔雀石 | C90: =INDEX(矿物图鉴!$B$2:$B$104,MATCH($B90,矿物图鉴!$A$2:$A$104,0)) -> 常见宝石矿物 | D90: =INDEX(矿物图鉴!$C$2:$C$104,MATCH($B90,矿物图鉴!$A$2:$A$104,0)) -> 普通 | E90: =INDEX(矿物图鉴!$E$2:$E$104,MATCH($B90,矿物图鉴!$A$2:$A$104,0)) -> 35 | F90: 否 | G90: =IF($F90="是",稀有度固定概率设置!$B$6,IFERROR(INDEX(稀有度固定概率设置!$B$2:$B$5,MATCH($D90,稀有度固定概率设置!$A$2:$A$5,0)),"")) | H90: =IF($G90<>"",$G90,(1-SUMIF($A$2:$A$111,$A90,$G$2:$G$111))/COUNTIFS($A$2:$A$111,$A90,$D$2:$D$111,"普通",$F$2:$F$111,"否")) -> 0.06875 | I90: =H90*E90 -> 2.40625
A91: 沼泽/湿地 | B91: 绿松石 | C91: =INDEX(矿物图鉴!$B$2:$B$104,MATCH($B91,矿物图鉴!$A$2:$A$104,0)) -> 常见宝石矿物 | D91: =INDEX(矿物图鉴!$C$2:$C$104,MATCH($B91,矿物图鉴!$A$2:$A$104,0)) -> 少见 | E91: =INDEX(矿物图鉴!$E$2:$E$104,MATCH($B91,矿物图鉴!$A$2:$A$104,0)) -> 160 | F91: 否 | G91: =IF($F91="是",稀有度固定概率设置!$B$6,IFERROR(INDEX(稀有度固定概率设置!$B$2:$B$5,MATCH($D91,稀有度固定概率设置!$A$2:$A$5,0)),"")) -> 0.06 | H91: =IF($G91<>"",$G91,(1-SUMIF($A$2:$A$111,$A91,$G$2:$G$111))/COUNTIFS($A$2:$A$111,$A91,$D$2:$D$111,"普通",$F$2:$F$111,"否")) -> 0.06 | I91: =H91*E91 -> 9.6
A92: 沼泽/湿地 | B92: 青金石 | C92: =INDEX(矿物图鉴!$B$2:$B$104,MATCH($B92,矿物图鉴!$A$2:$A$104,0)) -> 常见宝石矿物 | D92: =INDEX(矿物图鉴!$C$2:$C$104,MATCH($B92,矿物图鉴!$A$2:$A$104,0)) -> 稀有 | E92: =INDEX(矿物图鉴!$E$2:$E$104,MATCH($B92,矿物图鉴!$A$2:$A$104,0)) -> 320 | F92: 否 | G92: =IF($F92="是",稀有度固定概率设置!$B$6,IFERROR(INDEX(稀有度固定概率设置!$B$2:$B$5,MATCH($D92,稀有度固定概率设置!$A$2:$A$5,0)),"")) -> 0.02 | H92: =IF($G92<>"",$G92,(1-SUMIF($A$2:$A$111,$A92,$G$2:$G$111))/COUNTIFS($A$2:$A$111,$A92,$D$2:$D$111,"普通",$F$2:$F$111,"否")) -> 0.02 | I92: =H92*E92 -> 6.4
A93: 沼泽/湿地 | B93: 琥珀(含虫) | C93: =INDEX(矿物图鉴!$B$2:$B$104,MATCH($B93,矿物图鉴!$A$2:$A$104,0)) -> 化石 | D93: =INDEX(矿物图鉴!$C$2:$C$104,MATCH($B93,矿物图鉴!$A$2:$A$104,0)) -> 稀有 | E93: =INDEX(矿物图鉴!$E$2:$E$104,MATCH($B93,矿物图鉴!$A$2:$A$104,0)) -> 650 | F93: 否 | G93: =IF($F93="是",稀有度固定概率设置!$B$6,IFERROR(INDEX(稀有度固定概率设置!$B$2:$B$5,MATCH($D93,稀有度固定概率设置!$A$2:$A$5,0)),"")) -> 0.02 | H93: =IF($G93<>"",$G93,(1-SUMIF($A$2:$A$111,$A93,$G$2:$G$111))/COUNTIFS($A$2:$A$111,$A93,$D$2:$D$111,"普通",$F$2:$F$111,"否")) -> 0.02 | I93: =H93*E93 -> 13
A94: 沼泽/湿地 | B94: 蕨类植物化石 | C94: =INDEX(矿物图鉴!$B$2:$B$104,MATCH($B94,矿物图鉴!$A$2:$A$104,0)) -> 化石 | D94: =INDEX(矿物图鉴!$C$2:$C$104,MATCH($B94,矿物图鉴!$A$2:$A$104,0)) -> 普通 | E94: =INDEX(矿物图鉴!$E$2:$E$104,MATCH($B94,矿物图鉴!$A$2:$A$104,0)) -> 60 | F94: 否 | G94: =IF($F94="是",稀有度固定概率设置!$B$6,IFERROR(INDEX(稀有度固定概率设置!$B$2:$B$5,MATCH($D94,稀有度固定概率设置!$A$2:$A$5,0)),"")) | H94: =IF($G94<>"",$G94,(1-SUMIF($A$2:$A$111,$A94,$G$2:$G$111))/COUNTIFS($A$2:$A$111,$A94,$D$2:$D$111,"普通",$F$2:$F$111,"否")) -> 0.06875 | I94: =H94*E94 -> 4.125
A95: 沼泽/湿地 | B95: 贝壳化石 | C95: =INDEX(矿物图鉴!$B$2:$B$104,MATCH($B95,矿物图鉴!$A$2:$A$104,0)) -> 化石 | D95: =INDEX(矿物图鉴!$C$2:$C$104,MATCH($B95,矿物图鉴!$A$2:$A$104,0)) -> 普通 | E95: =INDEX(矿物图鉴!$E$2:$E$104,MATCH($B95,矿物图鉴!$A$2:$A$104,0)) -> 40 | F95: 否 | G95: =IF($F95="是",稀有度固定概率设置!$B$6,IFERROR(INDEX(稀有度固定概率设置!$B$2:$B$5,MATCH($D95,稀有度固定概率设置!$A$2:$A$5,0)),"")) | H95: =IF($G95<>"",$G95,(1-SUMIF($A$2:$A$111,$A95,$G$2:$G$111))/COUNTIFS($A$2:$A$111,$A95,$D$2:$D$111,"普通",$F$2:$F$111,"否")) -> 0.06875 | I95: =H95*E95 -> 2.75
A96: 沼泽/湿地 | B96: 硅化木 | C96: =INDEX(矿物图鉴!$B$2:$B$104,MATCH($B96,矿物图鉴!$A$2:$A$104,0)) -> 化石 | D96: =INDEX(矿物图鉴!$C$2:$C$104,MATCH($B96,矿物图鉴!$A$2:$A$104,0)) -> 少见 | E96: =INDEX(矿物图鉴!$E$2:$E$104,MATCH($B96,矿物图鉴!$A$2:$A$104,0)) -> 220 | F96: 否 | G96: =IF($F96="是",稀有度固定概率设置!$B$6,IFERROR(INDEX(稀有度固定概率设置!$B$2:$B$5,MATCH($D96,稀有度固定概率设置!$A$2:$A$5,0)),"")) -> 0.06 | H96: =IF($G96<>"",$G96,(1-SUMIF($A$2:$A$111,$A96,$G$2:$G$111))/COUNTIFS($A$2:$A$111,$A96,$D$2:$D$111,"普通",$F$2:$F$111,"否")) -> 0.06 | I96: =H96*E96 -> 13.2
A97: 沼泽/湿地 | B97: 异极矿 | C97: =INDEX(矿物图鉴!$B$2:$B$104,MATCH($B97,矿物图鉴!$A$2:$A$104,0)) -> 珍稀晶体矿物 | D97: =INDEX(矿物图鉴!$C$2:$C$104,MATCH($B97,矿物图鉴!$A$2:$A$104,0)) -> 少见 | E97: =INDEX(矿物图鉴!$E$2:$E$104,MATCH($B97,矿物图鉴!$A$2:$A$104,0)) -> 280 | F97: 否 | G97: =IF($F97="是",稀有度固定概率设置!$B$6,IFERROR(INDEX(稀有度固定概率设置!$B$2:$B$5,MATCH($D97,稀有度固定概率设置!$A$2:$A$5,0)),"")) -> 0.06 | H97: =IF($G97<>"",$G97,(1-SUMIF($A$2:$A$111,$A97,$G$2:$G$111))/COUNTIFS($A$2:$A$111,$A97,$D$2:$D$111,"普通",$F$2:$F$111,"否")) -> 0.06 | I97: =H97*E97 -> 16.8
A98: 沼泽/湿地 | B98: 金绿宝石（猫眼石） | C98: =INDEX(矿物图鉴!$B$2:$B$104,MATCH($B98,矿物图鉴!$A$2:$A$104,0)) -> 常见宝石矿物 | D98: =INDEX(矿物图鉴!$C$2:$C$104,MATCH($B98,矿物图鉴!$A$2:$A$104,0)) -> 史诗 | E98: =INDEX(矿物图鉴!$E$2:$E$104,MATCH($B98,矿物图鉴!$A$2:$A$104,0)) -> 1500 | F98: 否 | G98: =IF($F98="是",稀有度固定概率设置!$B$6,IFERROR(INDEX(稀有度固定概率设置!$B$2:$B$5,MATCH($D98,稀有度固定概率设置!$A$2:$A$5,0)),"")) -> 0.005 | H98: =IF($G98<>"",$G98,(1-SUMIF($A$2:$A$111,$A98,$G$2:$G$111))/COUNTIFS($A$2:$A$111,$A98,$D$2:$D$111,"普通",$F$2:$F$111,"否")) -> 0.005 | I98: =H98*E98 -> 7.5
A99: 沼泽/湿地 · 合计 | H99: =SUM(H88:H98) -> 1 | I99: =SUM(I88:I98) -> 79.60625
A100: 海底/海岸礁石 | B100: 大理岩 | C100: =INDEX(矿物图鉴!$B$2:$B$104,MATCH($B100,矿物图鉴!$A$2:$A$104,0)) -> 工业矿物 | D100: =INDEX(矿物图鉴!$C$2:$C$104,MATCH($B100,矿物图鉴!$A$2:$A$104,0)) -> 普通 | E100: =INDEX(矿物图鉴!$E$2:$E$104,MATCH($B100,矿物图鉴!$A$2:$A$104,0)) -> 18 | F100: 是 | G100: =IF($F100="是",稀有度固定概率设置!$B$6,IFERROR(INDEX(稀有度固定概率设置!$B$2:$B$5,MATCH($D100,稀有度固定概率设置!$A$2:$A$5,0)),"")) -> 0.5 | H100: =IF($G100<>"",$G100,(1-SUMIF($A$2:$A$111,$A100,$G$2:$G$111))/COUNTIFS($A$2:$A$111,$A100,$D$2:$D$111,"普通",$F$2:$F$111,"否")) -> 0.5 | I100: =H100*E100 -> 9
A101: 海底/海岸礁石 | B101: 珊瑚化石 | C101: =INDEX(矿物图鉴!$B$2:$B$104,MATCH($B101,矿物图鉴!$A$2:$A$104,0)) -> 化石 | D101: =INDEX(矿物图鉴!$C$2:$C$104,MATCH($B101,矿物图鉴!$A$2:$A$104,0)) -> 普通 | E101: =INDEX(矿物图鉴!$E$2:$E$104,MATCH($B101,矿物图鉴!$A$2:$A$104,0)) -> 55 | F101: 否 | G101: =IF($F101="是",稀有度固定概率设置!$B$6,IFERROR(INDEX(稀有度固定概率设置!$B$2:$B$5,MATCH($D101,稀有度固定概率设置!$A$2:$A$5,0)),"")) | H101: =IF($G101<>"",$G101,(1-SUMIF($A$2:$A$111,$A101,$G$2:$G$111))/COUNTIFS($A$2:$A$111,$A101,$D$2:$D$111,"普通",$F$2:$F$111,"否")) -> 0.11166667 | I101: =H101*E101 -> 6.1416667
A102: 海底/海岸礁石 | B102: 贝壳化石 | C102: =INDEX(矿物图鉴!$B$2:$B$104,MATCH($B102,矿物图鉴!$A$2:$A$104,0)) -> 化石 | D102: =INDEX(矿物图鉴!$C$2:$C$104,MATCH($B102,矿物图鉴!$A$2:$A$104,0)) -> 普通 | E102: =INDEX(矿物图鉴!$E$2:$E$104,MATCH($B102,矿物图鉴!$A$2:$A$104,0)) -> 40 | F102: 否 | G102: =IF($F102="是",稀有度固定概率设置!$B$6,IFERROR(INDEX(稀有度固定概率设置!$B$2:$B$5,MATCH($D102,稀有度固定概率设置!$A$2:$A$5,0)),"")) | H102: =IF($G102<>"",$G102,(1-SUMIF($A$2:$A$111,$A102,$G$2:$G$111))/COUNTIFS($A$2:$A$111,$A102,$D$2:$D$111,"普通",$F$2:$F$111,"否")) -> 0.11166667 | I102: =H102*E102 -> 4.4666667
A103: 海底/海岸礁石 | B103: 海蓝宝石 | C103: =INDEX(矿物图鉴!$B$2:$B$104,MATCH($B103,矿物图鉴!$A$2:$A$104,0)) -> 常见宝石矿物 | D103: =INDEX(矿物图鉴!$C$2:$C$104,MATCH($B103,矿物图鉴!$A$2:$A$104,0)) -> 稀有 | E103: =INDEX(矿物图鉴!$E$2:$E$104,MATCH($B103,矿物图鉴!$A$2:$A$104,0)) -> 350 | F103: 否 | G103: =IF($F103="是",稀有度固定概率设置!$B$6,IFERROR(INDEX(稀有度固定概率设置!$B$2:$B$5,MATCH($D103,稀有度固定概率设置!$A$2:$A$5,0)),"")) -> 0.02 | H103: =IF($G103<>"",$G103,(1-SUMIF($A$2:$A$111,$A103,$G$2:$G$111))/COUNTIFS($A$2:$A$111,$A103,$D$2:$D$111,"普通",$F$2:$F$111,"否")) -> 0.02 | I103: =H103*E103 -> 7
A104: 海底/海岸礁石 | B104: 摩根石 | C104: =INDEX(矿物图鉴!$B$2:$B$104,MATCH($B104,矿物图鉴!$A$2:$A$104,0)) -> 常见宝石矿物 | D104: =INDEX(矿物图鉴!$C$2:$C$104,MATCH($B104,矿物图鉴!$A$2:$A$104,0)) -> 稀有 | E104: =INDEX(矿物图鉴!$E$2:$E$104,MATCH($B104,矿物图鉴!$A$2:$A$104,0)) -> 380 | F104: 否 | G104: =IF($F104="是",稀有度固定概率设置!$B$6,IFERROR(INDEX(稀有度固定概率设置!$B$2:$B$5,MATCH($D104,稀有度固定概率设置!$A$2:$A$5,0)),"")) -> 0.02 | H104: =IF($G104<>"",$G104,(1-SUMIF($A$2:$A$111,$A104,$G$2:$G$111))/COUNTIFS($A$2:$A$111,$A104,$D$2:$D$111,"普通",$F$2:$F$111,"否")) -> 0.02 | I104: =H104*E104 -> 7.6
A105: 海底/海岸礁石 | B105: 透绿柱石 | C105: =INDEX(矿物图鉴!$B$2:$B$104,MATCH($B105,矿物图鉴!$A$2:$A$104,0)) -> 珍稀晶体矿物 | D105: =INDEX(矿物图鉴!$C$2:$C$104,MATCH($B105,矿物图鉴!$A$2:$A$104,0)) -> 稀有 | E105: =INDEX(矿物图鉴!$E$2:$E$104,MATCH($B105,矿物图鉴!$A$2:$A$104,0)) -> 450 | F105: 否 | G105: =IF($F105="是",稀有度固定概率设置!$B$6,IFERROR(INDEX(稀有度固定概率设置!$B$2:$B$5,MATCH($D105,稀有度固定概率设置!$A$2:$A$5,0)),"")) -> 0.02 | H105: =IF($G105<>"",$G105,(1-SUMIF($A$2:$A$111,$A105,$G$2:$G$111))/COUNTIFS($A$2:$A$111,$A105,$D$2:$D$111,"普通",$F$2:$F$111,"否")) -> 0.02 | I105: =H105*E105 -> 9
...

Sheet 地形经济测算
A1: 地形 | B1: 单次挖掘期望产出（金币） | C1: 每次入场挖掘次数 | D1: 期望总产出（金币） | E1: 建议单次入场费（金币） | F1: 预期净利润（金币） | G1: 净利润率 | H1: 是否免费地形
A2: 平原/浅层土壤 | B2: =SUMIF(地形刷新表!$A$2:$A$111,A2,地形刷新表!$I$2:$I$111) -> 29.212 | C2: =稀有度固定概率设置!$B$8 -> 12 | D2: =B2*C2 -> 350.544 | E2: =IF($H2="是",0,ROUND(D2*稀有度固定概率设置!$B$9,-1)) -> 0 | F2: =D2-E2 -> 350.544 | G2: =IF(E2=0,"—",F2/E2) -> — | H2: 是
A3: 山地/岩层 | B3: =SUMIF(地形刷新表!$A$2:$A$111,A3,地形刷新表!$I$2:$I$111) -> 76.098 | C3: =稀有度固定概率设置!$B$8 -> 12 | D3: =B3*C3 -> 913.176 | E3: =IF($H3="是",0,ROUND(D3*稀有度固定概率设置!$B$9,-1)) -> 780 | F3: =D3-E3 -> 133.176 | G3: =IF(E3=0,"—",F3/E3) -> 0.17073846 | H3: 否
A4: 深层洞穴/矿脉核心 | B4: =SUMIF(地形刷新表!$A$2:$A$111,A4,地形刷新表!$I$2:$I$111) -> 119.215 | C4: =稀有度固定概率设置!$B$8 -> 12 | D4: =B4*C4 -> 1430.58 | E4: =IF($H4="是",0,ROUND(D4*稀有度固定概率设置!$B$9,-1)) -> 1220 | F4: =D4-E4 -> 210.58 | G4: =IF(E4=0,"—",F4/E4) -> 0.17260656 | H4: 否
A5: 火山/熔岩区 | B5: =SUMIF(地形刷新表!$A$2:$A$111,A5,地形刷新表!$I$2:$I$111) -> 71.548 | C5: =稀有度固定概率设置!$B$8 -> 12 | D5: =B5*C5 -> 858.576 | E5: =IF($H5="是",0,ROUND(D5*稀有度固定概率设置!$B$9,-1)) -> 730 | F5: =D5-E5 -> 128.576 | G5: =IF(E5=0,"—",F5/E5) -> 0.17613151 | H5: 否
A6: 沙漠 | B6: =SUMIF(地形刷新表!$A$2:$A$111,A6,地形刷新表!$I$2:$I$111) -> 80.686 | C6: =稀有度固定概率设置!$B$8 -> 12 | D6: =B6*C6 -> 968.232 | E6: =IF($H6="是",0,ROUND(D6*稀有度固定概率设置!$B$9,-1)) -> 820 | F6: =D6-E6 -> 148.232 | G6: =IF(E6=0,"—",F6/E6) -> 0.18077073 | H6: 否
A7: 极地/雪原冰川 | B7: =SUMIF(地形刷新表!$A$2:$A$111,A7,地形刷新表!$I$2:$I$111) -> 76.584 | C7: =稀有度固定概率设置!$B$8 -> 12 | D7: =B7*C7 -> 919.008 | E7: =IF($H7="是",0,ROUND(D7*稀有度固定概率设置!$B$9,-1)) -> 780 | F7: =D7-E7 -> 139.008 | G7: =IF(E7=0,"—",F7/E7) -> 0.17821538 | H7: 否
A8: 沼泽/湿地 | B8: =SUMIF(地形刷新表!$A$2:$A$111,A8,地形刷新表!$I$2:$I$111) -> 79.60625 | C8: =稀有度固定概率设置!$B$8 -> 12 | D8: =B8*C8 -> 955.275 | E8: =IF($H8="是",0,ROUND(D8*稀有度固定概率设置!$B$9,-1)) -> 810 | F8: =D8-E8 -> 145.275 | G8: =IF(E8=0,"—",F8/E8) -> 0.17935185 | H8: 否
A9: 海底/海岸礁石 | B9: =SUMIF(地形刷新表!$A$2:$A$111,A9,地形刷新表!$I$2:$I$111) -> 87.858333 | C9: =稀有度固定概率设置!$B$8 -> 12 | D9: =B9*C9 -> 1054.3 | E9: =IF($H9="是",0,ROUND(D9*稀有度固定概率设置!$B$9,-1)) -> 900 | F9: =D9-E9 -> 154.3 | G9: =IF(E9=0,"—",F9/E9) -> 0.17144444 | H9: 否
A11: 建议单次入场费 = 期望总产出 × 目标利润系数（在「稀有度固定概率设置」表里可调），四舍五入到十位；「是否免费地形」标为「是」的地形（默认平原）直接入场费归零，忽略公式结果。
A12: 平原作为新手起始地形免费开放，方便玩家零门槛上手、攒第一桶金去解锁后面的地形；想让别的地形也免费，把对应行「是否免费地形」改成「是」即可。
A13: 也就是说，只要玩家把入场后的挖掘次数都用满、且卖掉所有挖到的矿物，长期期望是净赚的；单次运气不好（净利润率为负）也正常，这是「概率游戏」而不是「保底游戏」。

Sheet 地形解锁顺序
A1: 解锁顺序 | B1: 地形 | C1: 解锁前置 （累计已发现矿物种类数） | D1: 该地形矿物种类数 | E1: 备注
A2: 1 | B2: 平原/浅层土壤 | C2: 0 | D2: =COUNTIF(地形刷新表!$A$2:$A$111,B2) -> 12 | E2: 新手起始地形，免费开放
A3: 2 | B3: 沼泽/湿地 | C3: 8 | D3: =COUNTIF(地形刷新表!$A$2:$A$111,B3) -> 11
A4: 3 | B4: 山地/岩层 | C4: 16 | D4: =COUNTIF(地形刷新表!$A$2:$A$111,B4) -> 13
A5: 4 | B5: 沙漠 | C5: 24 | D5: =COUNTIF(地形刷新表!$A$2:$A$111,B5) -> 13
A6: 5 | B6: 海底/海岸礁石 | C6: 32 | D6: =COUNTIF(地形刷新表!$A$2:$A$111,B6) -> 11 | E6: 可结合“渔具/潜水装备”等前置道具一起设计
A7: 6 | B7: 极地/雪原冰川 | C7: 42 | D7: =COUNTIF(地形刷新表!$A$2:$A$111,B7) -> 11 | E7: 可结合“防寒装备”前置道具
A8: 7 | B8: 火山/熔岩区 | C8: 52 | D8: =COUNTIF(地形刷新表!$A$2:$A$111,B8) -> 13 | E8: 含钻石顶级稀有产出，可结合“耐热装备”前置道具
A9: 8 | B9: 深层洞穴/矿脉核心 | C9: 64 | D9: =COUNTIF(地形刷新表!$A$2:$A$111,B9) -> 18 | E9: 含红宝石、翡翠顶级稀有产出，建议作为终局地形
B11: 黄色底色列为建议调整数值：解锁前置数量可自由改动。解锁只看「累计已发现矿物种类数」，不收一次性解锁费——门槛纯粹是探索进度，不是付费墙。
B12: 单次入场费只在「地形经济测算」表里维护一份（建议单次入场费列），这里不重复列出，避免两处数字不同步。
